// Generated by tools/gen_unicode.py from Python 3.13.7 unicodedata (Unicode 15.1.0). Do not edit.

// {first, last, class}; class: 1 Lu, 2 Ll, 3 Lt, 4 Lm, 5 Lo, 6 M, 7 N. Sorted, non-overlapping.
static const CatRange CAT_RANGES[2343] = {
    {0x30, 0x39, 7},
    {0x41, 0x5A, 1},
    {0x61, 0x7A, 2},
    {0xAA, 0xAA, 5},
    {0xB2, 0xB3, 7},
    {0xB5, 0xB5, 2},
    {0xB9, 0xB9, 7},
    {0xBA, 0xBA, 5},
    {0xBC, 0xBE, 7},
    {0xC0, 0xD6, 1},
    {0xD8, 0xDE, 1},
    {0xDF, 0xF6, 2},
    {0xF8, 0xFF, 2},
    {0x100, 0x100, 1},
    {0x101, 0x101, 2},
    {0x102, 0x102, 1},
    {0x103, 0x103, 2},
    {0x104, 0x104, 1},
    {0x105, 0x105, 2},
    {0x106, 0x106, 1},
    {0x107, 0x107, 2},
    {0x108, 0x108, 1},
    {0x109, 0x109, 2},
    {0x10A, 0x10A, 1},
    {0x10B, 0x10B, 2},
    {0x10C, 0x10C, 1},
    {0x10D, 0x10D, 2},
    {0x10E, 0x10E, 1},
    {0x10F, 0x10F, 2},
    {0x110, 0x110, 1},
    {0x111, 0x111, 2},
    {0x112, 0x112, 1},
    {0x113, 0x113, 2},
    {0x114, 0x114, 1},
    {0x115, 0x115, 2},
    {0x116, 0x116, 1},
    {0x117, 0x117, 2},
    {0x118, 0x118, 1},
    {0x119, 0x119, 2},
    {0x11A, 0x11A, 1},
    {0x11B, 0x11B, 2},
    {0x11C, 0x11C, 1},
    {0x11D, 0x11D, 2},
    {0x11E, 0x11E, 1},
    {0x11F, 0x11F, 2},
    {0x120, 0x120, 1},
    {0x121, 0x121, 2},
    {0x122, 0x122, 1},
    {0x123, 0x123, 2},
    {0x124, 0x124, 1},
    {0x125, 0x125, 2},
    {0x126, 0x126, 1},
    {0x127, 0x127, 2},
    {0x128, 0x128, 1},
    {0x129, 0x129, 2},
    {0x12A, 0x12A, 1},
    {0x12B, 0x12B, 2},
    {0x12C, 0x12C, 1},
    {0x12D, 0x12D, 2},
    {0x12E, 0x12E, 1},
    {0x12F, 0x12F, 2},
    {0x130, 0x130, 1},
    {0x131, 0x131, 2},
    {0x132, 0x132, 1},
    {0x133, 0x133, 2},
    {0x134, 0x134, 1},
    {0x135, 0x135, 2},
    {0x136, 0x136, 1},
    {0x137, 0x138, 2},
    {0x139, 0x139, 1},
    {0x13A, 0x13A, 2},
    {0x13B, 0x13B, 1},
    {0x13C, 0x13C, 2},
    {0x13D, 0x13D, 1},
    {0x13E, 0x13E, 2},
    {0x13F, 0x13F, 1},
    {0x140, 0x140, 2},
    {0x141, 0x141, 1},
    {0x142, 0x142, 2},
    {0x143, 0x143, 1},
    {0x144, 0x144, 2},
    {0x145, 0x145, 1},
    {0x146, 0x146, 2},
    {0x147, 0x147, 1},
    {0x148, 0x149, 2},
    {0x14A, 0x14A, 1},
    {0x14B, 0x14B, 2},
    {0x14C, 0x14C, 1},
    {0x14D, 0x14D, 2},
    {0x14E, 0x14E, 1},
    {0x14F, 0x14F, 2},
    {0x150, 0x150, 1},
    {0x151, 0x151, 2},
    {0x152, 0x152, 1},
    {0x153, 0x153, 2},
    {0x154, 0x154, 1},
    {0x155, 0x155, 2},
    {0x156, 0x156, 1},
    {0x157, 0x157, 2},
    {0x158, 0x158, 1},
    {0x159, 0x159, 2},
    {0x15A, 0x15A, 1},
    {0x15B, 0x15B, 2},
    {0x15C, 0x15C, 1},
    {0x15D, 0x15D, 2},
    {0x15E, 0x15E, 1},
    {0x15F, 0x15F, 2},
    {0x160, 0x160, 1},
    {0x161, 0x161, 2},
    {0x162, 0x162, 1},
    {0x163, 0x163, 2},
    {0x164, 0x164, 1},
    {0x165, 0x165, 2},
    {0x166, 0x166, 1},
    {0x167, 0x167, 2},
    {0x168, 0x168, 1},
    {0x169, 0x169, 2},
    {0x16A, 0x16A, 1},
    {0x16B, 0x16B, 2},
    {0x16C, 0x16C, 1},
    {0x16D, 0x16D, 2},
    {0x16E, 0x16E, 1},
    {0x16F, 0x16F, 2},
    {0x170, 0x170, 1},
    {0x171, 0x171, 2},
    {0x172, 0x172, 1},
    {0x173, 0x173, 2},
    {0x174, 0x174, 1},
    {0x175, 0x175, 2},
    {0x176, 0x176, 1},
    {0x177, 0x177, 2},
    {0x178, 0x179, 1},
    {0x17A, 0x17A, 2},
    {0x17B, 0x17B, 1},
    {0x17C, 0x17C, 2},
    {0x17D, 0x17D, 1},
    {0x17E, 0x180, 2},
    {0x181, 0x182, 1},
    {0x183, 0x183, 2},
    {0x184, 0x184, 1},
    {0x185, 0x185, 2},
    {0x186, 0x187, 1},
    {0x188, 0x188, 2},
    {0x189, 0x18B, 1},
    {0x18C, 0x18D, 2},
    {0x18E, 0x191, 1},
    {0x192, 0x192, 2},
    {0x193, 0x194, 1},
    {0x195, 0x195, 2},
    {0x196, 0x198, 1},
    {0x199, 0x19B, 2},
    {0x19C, 0x19D, 1},
    {0x19E, 0x19E, 2},
    {0x19F, 0x1A0, 1},
    {0x1A1, 0x1A1, 2},
    {0x1A2, 0x1A2, 1},
    {0x1A3, 0x1A3, 2},
    {0x1A4, 0x1A4, 1},
    {0x1A5, 0x1A5, 2},
    {0x1A6, 0x1A7, 1},
    {0x1A8, 0x1A8, 2},
    {0x1A9, 0x1A9, 1},
    {0x1AA, 0x1AB, 2},
    {0x1AC, 0x1AC, 1},
    {0x1AD, 0x1AD, 2},
    {0x1AE, 0x1AF, 1},
    {0x1B0, 0x1B0, 2},
    {0x1B1, 0x1B3, 1},
    {0x1B4, 0x1B4, 2},
    {0x1B5, 0x1B5, 1},
    {0x1B6, 0x1B6, 2},
    {0x1B7, 0x1B8, 1},
    {0x1B9, 0x1BA, 2},
    {0x1BB, 0x1BB, 5},
    {0x1BC, 0x1BC, 1},
    {0x1BD, 0x1BF, 2},
    {0x1C0, 0x1C3, 5},
    {0x1C4, 0x1C4, 1},
    {0x1C5, 0x1C5, 3},
    {0x1C6, 0x1C6, 2},
    {0x1C7, 0x1C7, 1},
    {0x1C8, 0x1C8, 3},
    {0x1C9, 0x1C9, 2},
    {0x1CA, 0x1CA, 1},
    {0x1CB, 0x1CB, 3},
    {0x1CC, 0x1CC, 2},
    {0x1CD, 0x1CD, 1},
    {0x1CE, 0x1CE, 2},
    {0x1CF, 0x1CF, 1},
    {0x1D0, 0x1D0, 2},
    {0x1D1, 0x1D1, 1},
    {0x1D2, 0x1D2, 2},
    {0x1D3, 0x1D3, 1},
    {0x1D4, 0x1D4, 2},
    {0x1D5, 0x1D5, 1},
    {0x1D6, 0x1D6, 2},
    {0x1D7, 0x1D7, 1},
    {0x1D8, 0x1D8, 2},
    {0x1D9, 0x1D9, 1},
    {0x1DA, 0x1DA, 2},
    {0x1DB, 0x1DB, 1},
    {0x1DC, 0x1DD, 2},
    {0x1DE, 0x1DE, 1},
    {0x1DF, 0x1DF, 2},
    {0x1E0, 0x1E0, 1},
    {0x1E1, 0x1E1, 2},
    {0x1E2, 0x1E2, 1},
    {0x1E3, 0x1E3, 2},
    {0x1E4, 0x1E4, 1},
    {0x1E5, 0x1E5, 2},
    {0x1E6, 0x1E6, 1},
    {0x1E7, 0x1E7, 2},
    {0x1E8, 0x1E8, 1},
    {0x1E9, 0x1E9, 2},
    {0x1EA, 0x1EA, 1},
    {0x1EB, 0x1EB, 2},
    {0x1EC, 0x1EC, 1},
    {0x1ED, 0x1ED, 2},
    {0x1EE, 0x1EE, 1},
    {0x1EF, 0x1F0, 2},
    {0x1F1, 0x1F1, 1},
    {0x1F2, 0x1F2, 3},
    {0x1F3, 0x1F3, 2},
    {0x1F4, 0x1F4, 1},
    {0x1F5, 0x1F5, 2},
    {0x1F6, 0x1F8, 1},
    {0x1F9, 0x1F9, 2},
    {0x1FA, 0x1FA, 1},
    {0x1FB, 0x1FB, 2},
    {0x1FC, 0x1FC, 1},
    {0x1FD, 0x1FD, 2},
    {0x1FE, 0x1FE, 1},
    {0x1FF, 0x1FF, 2},
    {0x200, 0x200, 1},
    {0x201, 0x201, 2},
    {0x202, 0x202, 1},
    {0x203, 0x203, 2},
    {0x204, 0x204, 1},
    {0x205, 0x205, 2},
    {0x206, 0x206, 1},
    {0x207, 0x207, 2},
    {0x208, 0x208, 1},
    {0x209, 0x209, 2},
    {0x20A, 0x20A, 1},
    {0x20B, 0x20B, 2},
    {0x20C, 0x20C, 1},
    {0x20D, 0x20D, 2},
    {0x20E, 0x20E, 1},
    {0x20F, 0x20F, 2},
    {0x210, 0x210, 1},
    {0x211, 0x211, 2},
    {0x212, 0x212, 1},
    {0x213, 0x213, 2},
    {0x214, 0x214, 1},
    {0x215, 0x215, 2},
    {0x216, 0x216, 1},
    {0x217, 0x217, 2},
    {0x218, 0x218, 1},
    {0x219, 0x219, 2},
    {0x21A, 0x21A, 1},
    {0x21B, 0x21B, 2},
    {0x21C, 0x21C, 1},
    {0x21D, 0x21D, 2},
    {0x21E, 0x21E, 1},
    {0x21F, 0x21F, 2},
    {0x220, 0x220, 1},
    {0x221, 0x221, 2},
    {0x222, 0x222, 1},
    {0x223, 0x223, 2},
    {0x224, 0x224, 1},
    {0x225, 0x225, 2},
    {0x226, 0x226, 1},
    {0x227, 0x227, 2},
    {0x228, 0x228, 1},
    {0x229, 0x229, 2},
    {0x22A, 0x22A, 1},
    {0x22B, 0x22B, 2},
    {0x22C, 0x22C, 1},
    {0x22D, 0x22D, 2},
    {0x22E, 0x22E, 1},
    {0x22F, 0x22F, 2},
    {0x230, 0x230, 1},
    {0x231, 0x231, 2},
    {0x232, 0x232, 1},
    {0x233, 0x239, 2},
    {0x23A, 0x23B, 1},
    {0x23C, 0x23C, 2},
    {0x23D, 0x23E, 1},
    {0x23F, 0x240, 2},
    {0x241, 0x241, 1},
    {0x242, 0x242, 2},
    {0x243, 0x246, 1},
    {0x247, 0x247, 2},
    {0x248, 0x248, 1},
    {0x249, 0x249, 2},
    {0x24A, 0x24A, 1},
    {0x24B, 0x24B, 2},
    {0x24C, 0x24C, 1},
    {0x24D, 0x24D, 2},
    {0x24E, 0x24E, 1},
    {0x24F, 0x293, 2},
    {0x294, 0x294, 5},
    {0x295, 0x2AF, 2},
    {0x2B0, 0x2C1, 4},
    {0x2C6, 0x2D1, 4},
    {0x2E0, 0x2E4, 4},
    {0x2EC, 0x2EC, 4},
    {0x2EE, 0x2EE, 4},
    {0x300, 0x36F, 6},
    {0x370, 0x370, 1},
    {0x371, 0x371, 2},
    {0x372, 0x372, 1},
    {0x373, 0x373, 2},
    {0x374, 0x374, 4},
    {0x376, 0x376, 1},
    {0x377, 0x377, 2},
    {0x37A, 0x37A, 4},
    {0x37B, 0x37D, 2},
    {0x37F, 0x37F, 1},
    {0x386, 0x386, 1},
    {0x388, 0x38A, 1},
    {0x38C, 0x38C, 1},
    {0x38E, 0x38F, 1},
    {0x390, 0x390, 2},
    {0x391, 0x3A1, 1},
    {0x3A3, 0x3AB, 1},
    {0x3AC, 0x3CE, 2},
    {0x3CF, 0x3CF, 1},
    {0x3D0, 0x3D1, 2},
    {0x3D2, 0x3D4, 1},
    {0x3D5, 0x3D7, 2},
    {0x3D8, 0x3D8, 1},
    {0x3D9, 0x3D9, 2},
    {0x3DA, 0x3DA, 1},
    {0x3DB, 0x3DB, 2},
    {0x3DC, 0x3DC, 1},
    {0x3DD, 0x3DD, 2},
    {0x3DE, 0x3DE, 1},
    {0x3DF, 0x3DF, 2},
    {0x3E0, 0x3E0, 1},
    {0x3E1, 0x3E1, 2},
    {0x3E2, 0x3E2, 1},
    {0x3E3, 0x3E3, 2},
    {0x3E4, 0x3E4, 1},
    {0x3E5, 0x3E5, 2},
    {0x3E6, 0x3E6, 1},
    {0x3E7, 0x3E7, 2},
    {0x3E8, 0x3E8, 1},
    {0x3E9, 0x3E9, 2},
    {0x3EA, 0x3EA, 1},
    {0x3EB, 0x3EB, 2},
    {0x3EC, 0x3EC, 1},
    {0x3ED, 0x3ED, 2},
    {0x3EE, 0x3EE, 1},
    {0x3EF, 0x3F3, 2},
    {0x3F4, 0x3F4, 1},
    {0x3F5, 0x3F5, 2},
    {0x3F7, 0x3F7, 1},
    {0x3F8, 0x3F8, 2},
    {0x3F9, 0x3FA, 1},
    {0x3FB, 0x3FC, 2},
    {0x3FD, 0x42F, 1},
    {0x430, 0x45F, 2},
    {0x460, 0x460, 1},
    {0x461, 0x461, 2},
    {0x462, 0x462, 1},
    {0x463, 0x463, 2},
    {0x464, 0x464, 1},
    {0x465, 0x465, 2},
    {0x466, 0x466, 1},
    {0x467, 0x467, 2},
    {0x468, 0x468, 1},
    {0x469, 0x469, 2},
    {0x46A, 0x46A, 1},
    {0x46B, 0x46B, 2},
    {0x46C, 0x46C, 1},
    {0x46D, 0x46D, 2},
    {0x46E, 0x46E, 1},
    {0x46F, 0x46F, 2},
    {0x470, 0x470, 1},
    {0x471, 0x471, 2},
    {0x472, 0x472, 1},
    {0x473, 0x473, 2},
    {0x474, 0x474, 1},
    {0x475, 0x475, 2},
    {0x476, 0x476, 1},
    {0x477, 0x477, 2},
    {0x478, 0x478, 1},
    {0x479, 0x479, 2},
    {0x47A, 0x47A, 1},
    {0x47B, 0x47B, 2},
    {0x47C, 0x47C, 1},
    {0x47D, 0x47D, 2},
    {0x47E, 0x47E, 1},
    {0x47F, 0x47F, 2},
    {0x480, 0x480, 1},
    {0x481, 0x481, 2},
    {0x483, 0x489, 6},
    {0x48A, 0x48A, 1},
    {0x48B, 0x48B, 2},
    {0x48C, 0x48C, 1},
    {0x48D, 0x48D, 2},
    {0x48E, 0x48E, 1},
    {0x48F, 0x48F, 2},
    {0x490, 0x490, 1},
    {0x491, 0x491, 2},
    {0x492, 0x492, 1},
    {0x493, 0x493, 2},
    {0x494, 0x494, 1},
    {0x495, 0x495, 2},
    {0x496, 0x496, 1},
    {0x497, 0x497, 2},
    {0x498, 0x498, 1},
    {0x499, 0x499, 2},
    {0x49A, 0x49A, 1},
    {0x49B, 0x49B, 2},
    {0x49C, 0x49C, 1},
    {0x49D, 0x49D, 2},
    {0x49E, 0x49E, 1},
    {0x49F, 0x49F, 2},
    {0x4A0, 0x4A0, 1},
    {0x4A1, 0x4A1, 2},
    {0x4A2, 0x4A2, 1},
    {0x4A3, 0x4A3, 2},
    {0x4A4, 0x4A4, 1},
    {0x4A5, 0x4A5, 2},
    {0x4A6, 0x4A6, 1},
    {0x4A7, 0x4A7, 2},
    {0x4A8, 0x4A8, 1},
    {0x4A9, 0x4A9, 2},
    {0x4AA, 0x4AA, 1},
    {0x4AB, 0x4AB, 2},
    {0x4AC, 0x4AC, 1},
    {0x4AD, 0x4AD, 2},
    {0x4AE, 0x4AE, 1},
    {0x4AF, 0x4AF, 2},
    {0x4B0, 0x4B0, 1},
    {0x4B1, 0x4B1, 2},
    {0x4B2, 0x4B2, 1},
    {0x4B3, 0x4B3, 2},
    {0x4B4, 0x4B4, 1},
    {0x4B5, 0x4B5, 2},
    {0x4B6, 0x4B6, 1},
    {0x4B7, 0x4B7, 2},
    {0x4B8, 0x4B8, 1},
    {0x4B9, 0x4B9, 2},
    {0x4BA, 0x4BA, 1},
    {0x4BB, 0x4BB, 2},
    {0x4BC, 0x4BC, 1},
    {0x4BD, 0x4BD, 2},
    {0x4BE, 0x4BE, 1},
    {0x4BF, 0x4BF, 2},
    {0x4C0, 0x4C1, 1},
    {0x4C2, 0x4C2, 2},
    {0x4C3, 0x4C3, 1},
    {0x4C4, 0x4C4, 2},
    {0x4C5, 0x4C5, 1},
    {0x4C6, 0x4C6, 2},
    {0x4C7, 0x4C7, 1},
    {0x4C8, 0x4C8, 2},
    {0x4C9, 0x4C9, 1},
    {0x4CA, 0x4CA, 2},
    {0x4CB, 0x4CB, 1},
    {0x4CC, 0x4CC, 2},
    {0x4CD, 0x4CD, 1},
    {0x4CE, 0x4CF, 2},
    {0x4D0, 0x4D0, 1},
    {0x4D1, 0x4D1, 2},
    {0x4D2, 0x4D2, 1},
    {0x4D3, 0x4D3, 2},
    {0x4D4, 0x4D4, 1},
    {0x4D5, 0x4D5, 2},
    {0x4D6, 0x4D6, 1},
    {0x4D7, 0x4D7, 2},
    {0x4D8, 0x4D8, 1},
    {0x4D9, 0x4D9, 2},
    {0x4DA, 0x4DA, 1},
    {0x4DB, 0x4DB, 2},
    {0x4DC, 0x4DC, 1},
    {0x4DD, 0x4DD, 2},
    {0x4DE, 0x4DE, 1},
    {0x4DF, 0x4DF, 2},
    {0x4E0, 0x4E0, 1},
    {0x4E1, 0x4E1, 2},
    {0x4E2, 0x4E2, 1},
    {0x4E3, 0x4E3, 2},
    {0x4E4, 0x4E4, 1},
    {0x4E5, 0x4E5, 2},
    {0x4E6, 0x4E6, 1},
    {0x4E7, 0x4E7, 2},
    {0x4E8, 0x4E8, 1},
    {0x4E9, 0x4E9, 2},
    {0x4EA, 0x4EA, 1},
    {0x4EB, 0x4EB, 2},
    {0x4EC, 0x4EC, 1},
    {0x4ED, 0x4ED, 2},
    {0x4EE, 0x4EE, 1},
    {0x4EF, 0x4EF, 2},
    {0x4F0, 0x4F0, 1},
    {0x4F1, 0x4F1, 2},
    {0x4F2, 0x4F2, 1},
    {0x4F3, 0x4F3, 2},
    {0x4F4, 0x4F4, 1},
    {0x4F5, 0x4F5, 2},
    {0x4F6, 0x4F6, 1},
    {0x4F7, 0x4F7, 2},
    {0x4F8, 0x4F8, 1},
    {0x4F9, 0x4F9, 2},
    {0x4FA, 0x4FA, 1},
    {0x4FB, 0x4FB, 2},
    {0x4FC, 0x4FC, 1},
    {0x4FD, 0x4FD, 2},
    {0x4FE, 0x4FE, 1},
    {0x4FF, 0x4FF, 2},
    {0x500, 0x500, 1},
    {0x501, 0x501, 2},
    {0x502, 0x502, 1},
    {0x503, 0x503, 2},
    {0x504, 0x504, 1},
    {0x505, 0x505, 2},
    {0x506, 0x506, 1},
    {0x507, 0x507, 2},
    {0x508, 0x508, 1},
    {0x509, 0x509, 2},
    {0x50A, 0x50A, 1},
    {0x50B, 0x50B, 2},
    {0x50C, 0x50C, 1},
    {0x50D, 0x50D, 2},
    {0x50E, 0x50E, 1},
    {0x50F, 0x50F, 2},
    {0x510, 0x510, 1},
    {0x511, 0x511, 2},
    {0x512, 0x512, 1},
    {0x513, 0x513, 2},
    {0x514, 0x514, 1},
    {0x515, 0x515, 2},
    {0x516, 0x516, 1},
    {0x517, 0x517, 2},
    {0x518, 0x518, 1},
    {0x519, 0x519, 2},
    {0x51A, 0x51A, 1},
    {0x51B, 0x51B, 2},
    {0x51C, 0x51C, 1},
    {0x51D, 0x51D, 2},
    {0x51E, 0x51E, 1},
    {0x51F, 0x51F, 2},
    {0x520, 0x520, 1},
    {0x521, 0x521, 2},
    {0x522, 0x522, 1},
    {0x523, 0x523, 2},
    {0x524, 0x524, 1},
    {0x525, 0x525, 2},
    {0x526, 0x526, 1},
    {0x527, 0x527, 2},
    {0x528, 0x528, 1},
    {0x529, 0x529, 2},
    {0x52A, 0x52A, 1},
    {0x52B, 0x52B, 2},
    {0x52C, 0x52C, 1},
    {0x52D, 0x52D, 2},
    {0x52E, 0x52E, 1},
    {0x52F, 0x52F, 2},
    {0x531, 0x556, 1},
    {0x559, 0x559, 4},
    {0x560, 0x588, 2},
    {0x591, 0x5BD, 6},
    {0x5BF, 0x5BF, 6},
    {0x5C1, 0x5C2, 6},
    {0x5C4, 0x5C5, 6},
    {0x5C7, 0x5C7, 6},
    {0x5D0, 0x5EA, 5},
    {0x5EF, 0x5F2, 5},
    {0x610, 0x61A, 6},
    {0x620, 0x63F, 5},
    {0x640, 0x640, 4},
    {0x641, 0x64A, 5},
    {0x64B, 0x65F, 6},
    {0x660, 0x669, 7},
    {0x66E, 0x66F, 5},
    {0x670, 0x670, 6},
    {0x671, 0x6D3, 5},
    {0x6D5, 0x6D5, 5},
    {0x6D6, 0x6DC, 6},
    {0x6DF, 0x6E4, 6},
    {0x6E5, 0x6E6, 4},
    {0x6E7, 0x6E8, 6},
    {0x6EA, 0x6ED, 6},
    {0x6EE, 0x6EF, 5},
    {0x6F0, 0x6F9, 7},
    {0x6FA, 0x6FC, 5},
    {0x6FF, 0x6FF, 5},
    {0x710, 0x710, 5},
    {0x711, 0x711, 6},
    {0x712, 0x72F, 5},
    {0x730, 0x74A, 6},
    {0x74D, 0x7A5, 5},
    {0x7A6, 0x7B0, 6},
    {0x7B1, 0x7B1, 5},
    {0x7C0, 0x7C9, 7},
    {0x7CA, 0x7EA, 5},
    {0x7EB, 0x7F3, 6},
    {0x7F4, 0x7F5, 4},
    {0x7FA, 0x7FA, 4},
    {0x7FD, 0x7FD, 6},
    {0x800, 0x815, 5},
    {0x816, 0x819, 6},
    {0x81A, 0x81A, 4},
    {0x81B, 0x823, 6},
    {0x824, 0x824, 4},
    {0x825, 0x827, 6},
    {0x828, 0x828, 4},
    {0x829, 0x82D, 6},
    {0x840, 0x858, 5},
    {0x859, 0x85B, 6},
    {0x860, 0x86A, 5},
    {0x870, 0x887, 5},
    {0x889, 0x88E, 5},
    {0x898, 0x89F, 6},
    {0x8A0, 0x8C8, 5},
    {0x8C9, 0x8C9, 4},
    {0x8CA, 0x8E1, 6},
    {0x8E3, 0x903, 6},
    {0x904, 0x939, 5},
    {0x93A, 0x93C, 6},
    {0x93D, 0x93D, 5},
    {0x93E, 0x94F, 6},
    {0x950, 0x950, 5},
    {0x951, 0x957, 6},
    {0x958, 0x961, 5},
    {0x962, 0x963, 6},
    {0x966, 0x96F, 7},
    {0x971, 0x971, 4},
    {0x972, 0x980, 5},
    {0x981, 0x983, 6},
    {0x985, 0x98C, 5},
    {0x98F, 0x990, 5},
    {0x993, 0x9A8, 5},
    {0x9AA, 0x9B0, 5},
    {0x9B2, 0x9B2, 5},
    {0x9B6, 0x9B9, 5},
    {0x9BC, 0x9BC, 6},
    {0x9BD, 0x9BD, 5},
    {0x9BE, 0x9C4, 6},
    {0x9C7, 0x9C8, 6},
    {0x9CB, 0x9CD, 6},
    {0x9CE, 0x9CE, 5},
    {0x9D7, 0x9D7, 6},
    {0x9DC, 0x9DD, 5},
    {0x9DF, 0x9E1, 5},
    {0x9E2, 0x9E3, 6},
    {0x9E6, 0x9EF, 7},
    {0x9F0, 0x9F1, 5},
    {0x9F4, 0x9F9, 7},
    {0x9FC, 0x9FC, 5},
    {0x9FE, 0x9FE, 6},
    {0xA01, 0xA03, 6},
    {0xA05, 0xA0A, 5},
    {0xA0F, 0xA10, 5},
    {0xA13, 0xA28, 5},
    {0xA2A, 0xA30, 5},
    {0xA32, 0xA33, 5},
    {0xA35, 0xA36, 5},
    {0xA38, 0xA39, 5},
    {0xA3C, 0xA3C, 6},
    {0xA3E, 0xA42, 6},
    {0xA47, 0xA48, 6},
    {0xA4B, 0xA4D, 6},
    {0xA51, 0xA51, 6},
    {0xA59, 0xA5C, 5},
    {0xA5E, 0xA5E, 5},
    {0xA66, 0xA6F, 7},
    {0xA70, 0xA71, 6},
    {0xA72, 0xA74, 5},
    {0xA75, 0xA75, 6},
    {0xA81, 0xA83, 6},
    {0xA85, 0xA8D, 5},
    {0xA8F, 0xA91, 5},
    {0xA93, 0xAA8, 5},
    {0xAAA, 0xAB0, 5},
    {0xAB2, 0xAB3, 5},
    {0xAB5, 0xAB9, 5},
    {0xABC, 0xABC, 6},
    {0xABD, 0xABD, 5},
    {0xABE, 0xAC5, 6},
    {0xAC7, 0xAC9, 6},
    {0xACB, 0xACD, 6},
    {0xAD0, 0xAD0, 5},
    {0xAE0, 0xAE1, 5},
    {0xAE2, 0xAE3, 6},
    {0xAE6, 0xAEF, 7},
    {0xAF9, 0xAF9, 5},
    {0xAFA, 0xAFF, 6},
    {0xB01, 0xB03, 6},
    {0xB05, 0xB0C, 5},
    {0xB0F, 0xB10, 5},
    {0xB13, 0xB28, 5},
    {0xB2A, 0xB30, 5},
    {0xB32, 0xB33, 5},
    {0xB35, 0xB39, 5},
    {0xB3C, 0xB3C, 6},
    {0xB3D, 0xB3D, 5},
    {0xB3E, 0xB44, 6},
    {0xB47, 0xB48, 6},
    {0xB4B, 0xB4D, 6},
    {0xB55, 0xB57, 6},
    {0xB5C, 0xB5D, 5},
    {0xB5F, 0xB61, 5},
    {0xB62, 0xB63, 6},
    {0xB66, 0xB6F, 7},
    {0xB71, 0xB71, 5},
    {0xB72, 0xB77, 7},
    {0xB82, 0xB82, 6},
    {0xB83, 0xB83, 5},
    {0xB85, 0xB8A, 5},
    {0xB8E, 0xB90, 5},
    {0xB92, 0xB95, 5},
    {0xB99, 0xB9A, 5},
    {0xB9C, 0xB9C, 5},
    {0xB9E, 0xB9F, 5},
    {0xBA3, 0xBA4, 5},
    {0xBA8, 0xBAA, 5},
    {0xBAE, 0xBB9, 5},
    {0xBBE, 0xBC2, 6},
    {0xBC6, 0xBC8, 6},
    {0xBCA, 0xBCD, 6},
    {0xBD0, 0xBD0, 5},
    {0xBD7, 0xBD7, 6},
    {0xBE6, 0xBF2, 7},
    {0xC00, 0xC04, 6},
    {0xC05, 0xC0C, 5},
    {0xC0E, 0xC10, 5},
    {0xC12, 0xC28, 5},
    {0xC2A, 0xC39, 5},
    {0xC3C, 0xC3C, 6},
    {0xC3D, 0xC3D, 5},
    {0xC3E, 0xC44, 6},
    {0xC46, 0xC48, 6},
    {0xC4A, 0xC4D, 6},
    {0xC55, 0xC56, 6},
    {0xC58, 0xC5A, 5},
    {0xC5D, 0xC5D, 5},
    {0xC60, 0xC61, 5},
    {0xC62, 0xC63, 6},
    {0xC66, 0xC6F, 7},
    {0xC78, 0xC7E, 7},
    {0xC80, 0xC80, 5},
    {0xC81, 0xC83, 6},
    {0xC85, 0xC8C, 5},
    {0xC8E, 0xC90, 5},
    {0xC92, 0xCA8, 5},
    {0xCAA, 0xCB3, 5},
    {0xCB5, 0xCB9, 5},
    {0xCBC, 0xCBC, 6},
    {0xCBD, 0xCBD, 5},
    {0xCBE, 0xCC4, 6},
    {0xCC6, 0xCC8, 6},
    {0xCCA, 0xCCD, 6},
    {0xCD5, 0xCD6, 6},
    {0xCDD, 0xCDE, 5},
    {0xCE0, 0xCE1, 5},
    {0xCE2, 0xCE3, 6},
    {0xCE6, 0xCEF, 7},
    {0xCF1, 0xCF2, 5},
    {0xCF3, 0xCF3, 6},
    {0xD00, 0xD03, 6},
    {0xD04, 0xD0C, 5},
    {0xD0E, 0xD10, 5},
    {0xD12, 0xD3A, 5},
    {0xD3B, 0xD3C, 6},
    {0xD3D, 0xD3D, 5},
    {0xD3E, 0xD44, 6},
    {0xD46, 0xD48, 6},
    {0xD4A, 0xD4D, 6},
    {0xD4E, 0xD4E, 5},
    {0xD54, 0xD56, 5},
    {0xD57, 0xD57, 6},
    {0xD58, 0xD5E, 7},
    {0xD5F, 0xD61, 5},
    {0xD62, 0xD63, 6},
    {0xD66, 0xD78, 7},
    {0xD7A, 0xD7F, 5},
    {0xD81, 0xD83, 6},
    {0xD85, 0xD96, 5},
    {0xD9A, 0xDB1, 5},
    {0xDB3, 0xDBB, 5},
    {0xDBD, 0xDBD, 5},
    {0xDC0, 0xDC6, 5},
    {0xDCA, 0xDCA, 6},
    {0xDCF, 0xDD4, 6},
    {0xDD6, 0xDD6, 6},
    {0xDD8, 0xDDF, 6},
    {0xDE6, 0xDEF, 7},
    {0xDF2, 0xDF3, 6},
    {0xE01, 0xE30, 5},
    {0xE31, 0xE31, 6},
    {0xE32, 0xE33, 5},
    {0xE34, 0xE3A, 6},
    {0xE40, 0xE45, 5},
    {0xE46, 0xE46, 4},
    {0xE47, 0xE4E, 6},
    {0xE50, 0xE59, 7},
    {0xE81, 0xE82, 5},
    {0xE84, 0xE84, 5},
    {0xE86, 0xE8A, 5},
    {0xE8C, 0xEA3, 5},
    {0xEA5, 0xEA5, 5},
    {0xEA7, 0xEB0, 5},
    {0xEB1, 0xEB1, 6},
    {0xEB2, 0xEB3, 5},
    {0xEB4, 0xEBC, 6},
    {0xEBD, 0xEBD, 5},
    {0xEC0, 0xEC4, 5},
    {0xEC6, 0xEC6, 4},
    {0xEC8, 0xECE, 6},
    {0xED0, 0xED9, 7},
    {0xEDC, 0xEDF, 5},
    {0xF00, 0xF00, 5},
    {0xF18, 0xF19, 6},
    {0xF20, 0xF33, 7},
    {0xF35, 0xF35, 6},
    {0xF37, 0xF37, 6},
    {0xF39, 0xF39, 6},
    {0xF3E, 0xF3F, 6},
    {0xF40, 0xF47, 5},
    {0xF49, 0xF6C, 5},
    {0xF71, 0xF84, 6},
    {0xF86, 0xF87, 6},
    {0xF88, 0xF8C, 5},
    {0xF8D, 0xF97, 6},
    {0xF99, 0xFBC, 6},
    {0xFC6, 0xFC6, 6},
    {0x1000, 0x102A, 5},
    {0x102B, 0x103E, 6},
    {0x103F, 0x103F, 5},
    {0x1040, 0x1049, 7},
    {0x1050, 0x1055, 5},
    {0x1056, 0x1059, 6},
    {0x105A, 0x105D, 5},
    {0x105E, 0x1060, 6},
    {0x1061, 0x1061, 5},
    {0x1062, 0x1064, 6},
    {0x1065, 0x1066, 5},
    {0x1067, 0x106D, 6},
    {0x106E, 0x1070, 5},
    {0x1071, 0x1074, 6},
    {0x1075, 0x1081, 5},
    {0x1082, 0x108D, 6},
    {0x108E, 0x108E, 5},
    {0x108F, 0x108F, 6},
    {0x1090, 0x1099, 7},
    {0x109A, 0x109D, 6},
    {0x10A0, 0x10C5, 1},
    {0x10C7, 0x10C7, 1},
    {0x10CD, 0x10CD, 1},
    {0x10D0, 0x10FA, 2},
    {0x10FC, 0x10FC, 4},
    {0x10FD, 0x10FF, 2},
    {0x1100, 0x1248, 5},
    {0x124A, 0x124D, 5},
    {0x1250, 0x1256, 5},
    {0x1258, 0x1258, 5},
    {0x125A, 0x125D, 5},
    {0x1260, 0x1288, 5},
    {0x128A, 0x128D, 5},
    {0x1290, 0x12B0, 5},
    {0x12B2, 0x12B5, 5},
    {0x12B8, 0x12BE, 5},
    {0x12C0, 0x12C0, 5},
    {0x12C2, 0x12C5, 5},
    {0x12C8, 0x12D6, 5},
    {0x12D8, 0x1310, 5},
    {0x1312, 0x1315, 5},
    {0x1318, 0x135A, 5},
    {0x135D, 0x135F, 6},
    {0x1369, 0x137C, 7},
    {0x1380, 0x138F, 5},
    {0x13A0, 0x13F5, 1},
    {0x13F8, 0x13FD, 2},
    {0x1401, 0x166C, 5},
    {0x166F, 0x167F, 5},
    {0x1681, 0x169A, 5},
    {0x16A0, 0x16EA, 5},
    {0x16EE, 0x16F0, 7},
    {0x16F1, 0x16F8, 5},
    {0x1700, 0x1711, 5},
    {0x1712, 0x1715, 6},
    {0x171F, 0x1731, 5},
    {0x1732, 0x1734, 6},
    {0x1740, 0x1751, 5},
    {0x1752, 0x1753, 6},
    {0x1760, 0x176C, 5},
    {0x176E, 0x1770, 5},
    {0x1772, 0x1773, 6},
    {0x1780, 0x17B3, 5},
    {0x17B4, 0x17D3, 6},
    {0x17D7, 0x17D7, 4},
    {0x17DC, 0x17DC, 5},
    {0x17DD, 0x17DD, 6},
    {0x17E0, 0x17E9, 7},
    {0x17F0, 0x17F9, 7},
    {0x180B, 0x180D, 6},
    {0x180F, 0x180F, 6},
    {0x1810, 0x1819, 7},
    {0x1820, 0x1842, 5},
    {0x1843, 0x1843, 4},
    {0x1844, 0x1878, 5},
    {0x1880, 0x1884, 5},
    {0x1885, 0x1886, 6},
    {0x1887, 0x18A8, 5},
    {0x18A9, 0x18A9, 6},
    {0x18AA, 0x18AA, 5},
    {0x18B0, 0x18F5, 5},
    {0x1900, 0x191E, 5},
    {0x1920, 0x192B, 6},
    {0x1930, 0x193B, 6},
    {0x1946, 0x194F, 7},
    {0x1950, 0x196D, 5},
    {0x1970, 0x1974, 5},
    {0x1980, 0x19AB, 5},
    {0x19B0, 0x19C9, 5},
    {0x19D0, 0x19DA, 7},
    {0x1A00, 0x1A16, 5},
    {0x1A17, 0x1A1B, 6},
    {0x1A20, 0x1A54, 5},
    {0x1A55, 0x1A5E, 6},
    {0x1A60, 0x1A7C, 6},
    {0x1A7F, 0x1A7F, 6},
    {0x1A80, 0x1A89, 7},
    {0x1A90, 0x1A99, 7},
    {0x1AA7, 0x1AA7, 4},
    {0x1AB0, 0x1ACE, 6},
    {0x1B00, 0x1B04, 6},
    {0x1B05, 0x1B33, 5},
    {0x1B34, 0x1B44, 6},
    {0x1B45, 0x1B4C, 5},
    {0x1B50, 0x1B59, 7},
    {0x1B6B, 0x1B73, 6},
    {0x1B80, 0x1B82, 6},
    {0x1B83, 0x1BA0, 5},
    {0x1BA1, 0x1BAD, 6},
    {0x1BAE, 0x1BAF, 5},
    {0x1BB0, 0x1BB9, 7},
    {0x1BBA, 0x1BE5, 5},
    {0x1BE6, 0x1BF3, 6},
    {0x1C00, 0x1C23, 5},
    {0x1C24, 0x1C37, 6},
    {0x1C40, 0x1C49, 7},
    {0x1C4D, 0x1C4F, 5},
    {0x1C50, 0x1C59, 7},
    {0x1C5A, 0x1C77, 5},
    {0x1C78, 0x1C7D, 4},
    {0x1C80, 0x1C88, 2},
    {0x1C90, 0x1CBA, 1},
    {0x1CBD, 0x1CBF, 1},
    {0x1CD0, 0x1CD2, 6},
    {0x1CD4, 0x1CE8, 6},
    {0x1CE9, 0x1CEC, 5},
    {0x1CED, 0x1CED, 6},
    {0x1CEE, 0x1CF3, 5},
    {0x1CF4, 0x1CF4, 6},
    {0x1CF5, 0x1CF6, 5},
    {0x1CF7, 0x1CF9, 6},
    {0x1CFA, 0x1CFA, 5},
    {0x1D00, 0x1D2B, 2},
    {0x1D2C, 0x1D6A, 4},
    {0x1D6B, 0x1D77, 2},
    {0x1D78, 0x1D78, 4},
    {0x1D79, 0x1D9A, 2},
    {0x1D9B, 0x1DBF, 4},
    {0x1DC0, 0x1DFF, 6},
    {0x1E00, 0x1E00, 1},
    {0x1E01, 0x1E01, 2},
    {0x1E02, 0x1E02, 1},
    {0x1E03, 0x1E03, 2},
    {0x1E04, 0x1E04, 1},
    {0x1E05, 0x1E05, 2},
    {0x1E06, 0x1E06, 1},
    {0x1E07, 0x1E07, 2},
    {0x1E08, 0x1E08, 1},
    {0x1E09, 0x1E09, 2},
    {0x1E0A, 0x1E0A, 1},
    {0x1E0B, 0x1E0B, 2},
    {0x1E0C, 0x1E0C, 1},
    {0x1E0D, 0x1E0D, 2},
    {0x1E0E, 0x1E0E, 1},
    {0x1E0F, 0x1E0F, 2},
    {0x1E10, 0x1E10, 1},
    {0x1E11, 0x1E11, 2},
    {0x1E12, 0x1E12, 1},
    {0x1E13, 0x1E13, 2},
    {0x1E14, 0x1E14, 1},
    {0x1E15, 0x1E15, 2},
    {0x1E16, 0x1E16, 1},
    {0x1E17, 0x1E17, 2},
    {0x1E18, 0x1E18, 1},
    {0x1E19, 0x1E19, 2},
    {0x1E1A, 0x1E1A, 1},
    {0x1E1B, 0x1E1B, 2},
    {0x1E1C, 0x1E1C, 1},
    {0x1E1D, 0x1E1D, 2},
    {0x1E1E, 0x1E1E, 1},
    {0x1E1F, 0x1E1F, 2},
    {0x1E20, 0x1E20, 1},
    {0x1E21, 0x1E21, 2},
    {0x1E22, 0x1E22, 1},
    {0x1E23, 0x1E23, 2},
    {0x1E24, 0x1E24, 1},
    {0x1E25, 0x1E25, 2},
    {0x1E26, 0x1E26, 1},
    {0x1E27, 0x1E27, 2},
    {0x1E28, 0x1E28, 1},
    {0x1E29, 0x1E29, 2},
    {0x1E2A, 0x1E2A, 1},
    {0x1E2B, 0x1E2B, 2},
    {0x1E2C, 0x1E2C, 1},
    {0x1E2D, 0x1E2D, 2},
    {0x1E2E, 0x1E2E, 1},
    {0x1E2F, 0x1E2F, 2},
    {0x1E30, 0x1E30, 1},
    {0x1E31, 0x1E31, 2},
    {0x1E32, 0x1E32, 1},
    {0x1E33, 0x1E33, 2},
    {0x1E34, 0x1E34, 1},
    {0x1E35, 0x1E35, 2},
    {0x1E36, 0x1E36, 1},
    {0x1E37, 0x1E37, 2},
    {0x1E38, 0x1E38, 1},
    {0x1E39, 0x1E39, 2},
    {0x1E3A, 0x1E3A, 1},
    {0x1E3B, 0x1E3B, 2},
    {0x1E3C, 0x1E3C, 1},
    {0x1E3D, 0x1E3D, 2},
    {0x1E3E, 0x1E3E, 1},
    {0x1E3F, 0x1E3F, 2},
    {0x1E40, 0x1E40, 1},
    {0x1E41, 0x1E41, 2},
    {0x1E42, 0x1E42, 1},
    {0x1E43, 0x1E43, 2},
    {0x1E44, 0x1E44, 1},
    {0x1E45, 0x1E45, 2},
    {0x1E46, 0x1E46, 1},
    {0x1E47, 0x1E47, 2},
    {0x1E48, 0x1E48, 1},
    {0x1E49, 0x1E49, 2},
    {0x1E4A, 0x1E4A, 1},
    {0x1E4B, 0x1E4B, 2},
    {0x1E4C, 0x1E4C, 1},
    {0x1E4D, 0x1E4D, 2},
    {0x1E4E, 0x1E4E, 1},
    {0x1E4F, 0x1E4F, 2},
    {0x1E50, 0x1E50, 1},
    {0x1E51, 0x1E51, 2},
    {0x1E52, 0x1E52, 1},
    {0x1E53, 0x1E53, 2},
    {0x1E54, 0x1E54, 1},
    {0x1E55, 0x1E55, 2},
    {0x1E56, 0x1E56, 1},
    {0x1E57, 0x1E57, 2},
    {0x1E58, 0x1E58, 1},
    {0x1E59, 0x1E59, 2},
    {0x1E5A, 0x1E5A, 1},
    {0x1E5B, 0x1E5B, 2},
    {0x1E5C, 0x1E5C, 1},
    {0x1E5D, 0x1E5D, 2},
    {0x1E5E, 0x1E5E, 1},
    {0x1E5F, 0x1E5F, 2},
    {0x1E60, 0x1E60, 1},
    {0x1E61, 0x1E61, 2},
    {0x1E62, 0x1E62, 1},
    {0x1E63, 0x1E63, 2},
    {0x1E64, 0x1E64, 1},
    {0x1E65, 0x1E65, 2},
    {0x1E66, 0x1E66, 1},
    {0x1E67, 0x1E67, 2},
    {0x1E68, 0x1E68, 1},
    {0x1E69, 0x1E69, 2},
    {0x1E6A, 0x1E6A, 1},
    {0x1E6B, 0x1E6B, 2},
    {0x1E6C, 0x1E6C, 1},
    {0x1E6D, 0x1E6D, 2},
    {0x1E6E, 0x1E6E, 1},
    {0x1E6F, 0x1E6F, 2},
    {0x1E70, 0x1E70, 1},
    {0x1E71, 0x1E71, 2},
    {0x1E72, 0x1E72, 1},
    {0x1E73, 0x1E73, 2},
    {0x1E74, 0x1E74, 1},
    {0x1E75, 0x1E75, 2},
    {0x1E76, 0x1E76, 1},
    {0x1E77, 0x1E77, 2},
    {0x1E78, 0x1E78, 1},
    {0x1E79, 0x1E79, 2},
    {0x1E7A, 0x1E7A, 1},
    {0x1E7B, 0x1E7B, 2},
    {0x1E7C, 0x1E7C, 1},
    {0x1E7D, 0x1E7D, 2},
    {0x1E7E, 0x1E7E, 1},
    {0x1E7F, 0x1E7F, 2},
    {0x1E80, 0x1E80, 1},
    {0x1E81, 0x1E81, 2},
    {0x1E82, 0x1E82, 1},
    {0x1E83, 0x1E83, 2},
    {0x1E84, 0x1E84, 1},
    {0x1E85, 0x1E85, 2},
    {0x1E86, 0x1E86, 1},
    {0x1E87, 0x1E87, 2},
    {0x1E88, 0x1E88, 1},
    {0x1E89, 0x1E89, 2},
    {0x1E8A, 0x1E8A, 1},
    {0x1E8B, 0x1E8B, 2},
    {0x1E8C, 0x1E8C, 1},
    {0x1E8D, 0x1E8D, 2},
    {0x1E8E, 0x1E8E, 1},
    {0x1E8F, 0x1E8F, 2},
    {0x1E90, 0x1E90, 1},
    {0x1E91, 0x1E91, 2},
    {0x1E92, 0x1E92, 1},
    {0x1E93, 0x1E93, 2},
    {0x1E94, 0x1E94, 1},
    {0x1E95, 0x1E9D, 2},
    {0x1E9E, 0x1E9E, 1},
    {0x1E9F, 0x1E9F, 2},
    {0x1EA0, 0x1EA0, 1},
    {0x1EA1, 0x1EA1, 2},
    {0x1EA2, 0x1EA2, 1},
    {0x1EA3, 0x1EA3, 2},
    {0x1EA4, 0x1EA4, 1},
    {0x1EA5, 0x1EA5, 2},
    {0x1EA6, 0x1EA6, 1},
    {0x1EA7, 0x1EA7, 2},
    {0x1EA8, 0x1EA8, 1},
    {0x1EA9, 0x1EA9, 2},
    {0x1EAA, 0x1EAA, 1},
    {0x1EAB, 0x1EAB, 2},
    {0x1EAC, 0x1EAC, 1},
    {0x1EAD, 0x1EAD, 2},
    {0x1EAE, 0x1EAE, 1},
    {0x1EAF, 0x1EAF, 2},
    {0x1EB0, 0x1EB0, 1},
    {0x1EB1, 0x1EB1, 2},
    {0x1EB2, 0x1EB2, 1},
    {0x1EB3, 0x1EB3, 2},
    {0x1EB4, 0x1EB4, 1},
    {0x1EB5, 0x1EB5, 2},
    {0x1EB6, 0x1EB6, 1},
    {0x1EB7, 0x1EB7, 2},
    {0x1EB8, 0x1EB8, 1},
    {0x1EB9, 0x1EB9, 2},
    {0x1EBA, 0x1EBA, 1},
    {0x1EBB, 0x1EBB, 2},
    {0x1EBC, 0x1EBC, 1},
    {0x1EBD, 0x1EBD, 2},
    {0x1EBE, 0x1EBE, 1},
    {0x1EBF, 0x1EBF, 2},
    {0x1EC0, 0x1EC0, 1},
    {0x1EC1, 0x1EC1, 2},
    {0x1EC2, 0x1EC2, 1},
    {0x1EC3, 0x1EC3, 2},
    {0x1EC4, 0x1EC4, 1},
    {0x1EC5, 0x1EC5, 2},
    {0x1EC6, 0x1EC6, 1},
    {0x1EC7, 0x1EC7, 2},
    {0x1EC8, 0x1EC8, 1},
    {0x1EC9, 0x1EC9, 2},
    {0x1ECA, 0x1ECA, 1},
    {0x1ECB, 0x1ECB, 2},
    {0x1ECC, 0x1ECC, 1},
    {0x1ECD, 0x1ECD, 2},
    {0x1ECE, 0x1ECE, 1},
    {0x1ECF, 0x1ECF, 2},
    {0x1ED0, 0x1ED0, 1},
    {0x1ED1, 0x1ED1, 2},
    {0x1ED2, 0x1ED2, 1},
    {0x1ED3, 0x1ED3, 2},
    {0x1ED4, 0x1ED4, 1},
    {0x1ED5, 0x1ED5, 2},
    {0x1ED6, 0x1ED6, 1},
    {0x1ED7, 0x1ED7, 2},
    {0x1ED8, 0x1ED8, 1},
    {0x1ED9, 0x1ED9, 2},
    {0x1EDA, 0x1EDA, 1},
    {0x1EDB, 0x1EDB, 2},
    {0x1EDC, 0x1EDC, 1},
    {0x1EDD, 0x1EDD, 2},
    {0x1EDE, 0x1EDE, 1},
    {0x1EDF, 0x1EDF, 2},
    {0x1EE0, 0x1EE0, 1},
    {0x1EE1, 0x1EE1, 2},
    {0x1EE2, 0x1EE2, 1},
    {0x1EE3, 0x1EE3, 2},
    {0x1EE4, 0x1EE4, 1},
    {0x1EE5, 0x1EE5, 2},
    {0x1EE6, 0x1EE6, 1},
    {0x1EE7, 0x1EE7, 2},
    {0x1EE8, 0x1EE8, 1},
    {0x1EE9, 0x1EE9, 2},
    {0x1EEA, 0x1EEA, 1},
    {0x1EEB, 0x1EEB, 2},
    {0x1EEC, 0x1EEC, 1},
    {0x1EED, 0x1EED, 2},
    {0x1EEE, 0x1EEE, 1},
    {0x1EEF, 0x1EEF, 2},
    {0x1EF0, 0x1EF0, 1},
    {0x1EF1, 0x1EF1, 2},
    {0x1EF2, 0x1EF2, 1},
    {0x1EF3, 0x1EF3, 2},
    {0x1EF4, 0x1EF4, 1},
    {0x1EF5, 0x1EF5, 2},
    {0x1EF6, 0x1EF6, 1},
    {0x1EF7, 0x1EF7, 2},
    {0x1EF8, 0x1EF8, 1},
    {0x1EF9, 0x1EF9, 2},
    {0x1EFA, 0x1EFA, 1},
    {0x1EFB, 0x1EFB, 2},
    {0x1EFC, 0x1EFC, 1},
    {0x1EFD, 0x1EFD, 2},
    {0x1EFE, 0x1EFE, 1},
    {0x1EFF, 0x1F07, 2},
    {0x1F08, 0x1F0F, 1},
    {0x1F10, 0x1F15, 2},
    {0x1F18, 0x1F1D, 1},
    {0x1F20, 0x1F27, 2},
    {0x1F28, 0x1F2F, 1},
    {0x1F30, 0x1F37, 2},
    {0x1F38, 0x1F3F, 1},
    {0x1F40, 0x1F45, 2},
    {0x1F48, 0x1F4D, 1},
    {0x1F50, 0x1F57, 2},
    {0x1F59, 0x1F59, 1},
    {0x1F5B, 0x1F5B, 1},
    {0x1F5D, 0x1F5D, 1},
    {0x1F5F, 0x1F5F, 1},
    {0x1F60, 0x1F67, 2},
    {0x1F68, 0x1F6F, 1},
    {0x1F70, 0x1F7D, 2},
    {0x1F80, 0x1F87, 2},
    {0x1F88, 0x1F8F, 3},
    {0x1F90, 0x1F97, 2},
    {0x1F98, 0x1F9F, 3},
    {0x1FA0, 0x1FA7, 2},
    {0x1FA8, 0x1FAF, 3},
    {0x1FB0, 0x1FB4, 2},
    {0x1FB6, 0x1FB7, 2},
    {0x1FB8, 0x1FBB, 1},
    {0x1FBC, 0x1FBC, 3},
    {0x1FBE, 0x1FBE, 2},
    {0x1FC2, 0x1FC4, 2},
    {0x1FC6, 0x1FC7, 2},
    {0x1FC8, 0x1FCB, 1},
    {0x1FCC, 0x1FCC, 3},
    {0x1FD0, 0x1FD3, 2},
    {0x1FD6, 0x1FD7, 2},
    {0x1FD8, 0x1FDB, 1},
    {0x1FE0, 0x1FE7, 2},
    {0x1FE8, 0x1FEC, 1},
    {0x1FF2, 0x1FF4, 2},
    {0x1FF6, 0x1FF7, 2},
    {0x1FF8, 0x1FFB, 1},
    {0x1FFC, 0x1FFC, 3},
    {0x2070, 0x2070, 7},
    {0x2071, 0x2071, 4},
    {0x2074, 0x2079, 7},
    {0x207F, 0x207F, 4},
    {0x2080, 0x2089, 7},
    {0x2090, 0x209C, 4},
    {0x20D0, 0x20F0, 6},
    {0x2102, 0x2102, 1},
    {0x2107, 0x2107, 1},
    {0x210A, 0x210A, 2},
    {0x210B, 0x210D, 1},
    {0x210E, 0x210F, 2},
    {0x2110, 0x2112, 1},
    {0x2113, 0x2113, 2},
    {0x2115, 0x2115, 1},
    {0x2119, 0x211D, 1},
    {0x2124, 0x2124, 1},
    {0x2126, 0x2126, 1},
    {0x2128, 0x2128, 1},
    {0x212A, 0x212D, 1},
    {0x212F, 0x212F, 2},
    {0x2130, 0x2133, 1},
    {0x2134, 0x2134, 2},
    {0x2135, 0x2138, 5},
    {0x2139, 0x2139, 2},
    {0x213C, 0x213D, 2},
    {0x213E, 0x213F, 1},
    {0x2145, 0x2145, 1},
    {0x2146, 0x2149, 2},
    {0x214E, 0x214E, 2},
    {0x2150, 0x2182, 7},
    {0x2183, 0x2183, 1},
    {0x2184, 0x2184, 2},
    {0x2185, 0x2189, 7},
    {0x2460, 0x249B, 7},
    {0x24EA, 0x24FF, 7},
    {0x2776, 0x2793, 7},
    {0x2C00, 0x2C2F, 1},
    {0x2C30, 0x2C5F, 2},
    {0x2C60, 0x2C60, 1},
    {0x2C61, 0x2C61, 2},
    {0x2C62, 0x2C64, 1},
    {0x2C65, 0x2C66, 2},
    {0x2C67, 0x2C67, 1},
    {0x2C68, 0x2C68, 2},
    {0x2C69, 0x2C69, 1},
    {0x2C6A, 0x2C6A, 2},
    {0x2C6B, 0x2C6B, 1},
    {0x2C6C, 0x2C6C, 2},
    {0x2C6D, 0x2C70, 1},
    {0x2C71, 0x2C71, 2},
    {0x2C72, 0x2C72, 1},
    {0x2C73, 0x2C74, 2},
    {0x2C75, 0x2C75, 1},
    {0x2C76, 0x2C7B, 2},
    {0x2C7C, 0x2C7D, 4},
    {0x2C7E, 0x2C80, 1},
    {0x2C81, 0x2C81, 2},
    {0x2C82, 0x2C82, 1},
    {0x2C83, 0x2C83, 2},
    {0x2C84, 0x2C84, 1},
    {0x2C85, 0x2C85, 2},
    {0x2C86, 0x2C86, 1},
    {0x2C87, 0x2C87, 2},
    {0x2C88, 0x2C88, 1},
    {0x2C89, 0x2C89, 2},
    {0x2C8A, 0x2C8A, 1},
    {0x2C8B, 0x2C8B, 2},
    {0x2C8C, 0x2C8C, 1},
    {0x2C8D, 0x2C8D, 2},
    {0x2C8E, 0x2C8E, 1},
    {0x2C8F, 0x2C8F, 2},
    {0x2C90, 0x2C90, 1},
    {0x2C91, 0x2C91, 2},
    {0x2C92, 0x2C92, 1},
    {0x2C93, 0x2C93, 2},
    {0x2C94, 0x2C94, 1},
    {0x2C95, 0x2C95, 2},
    {0x2C96, 0x2C96, 1},
    {0x2C97, 0x2C97, 2},
    {0x2C98, 0x2C98, 1},
    {0x2C99, 0x2C99, 2},
    {0x2C9A, 0x2C9A, 1},
    {0x2C9B, 0x2C9B, 2},
    {0x2C9C, 0x2C9C, 1},
    {0x2C9D, 0x2C9D, 2},
    {0x2C9E, 0x2C9E, 1},
    {0x2C9F, 0x2C9F, 2},
    {0x2CA0, 0x2CA0, 1},
    {0x2CA1, 0x2CA1, 2},
    {0x2CA2, 0x2CA2, 1},
    {0x2CA3, 0x2CA3, 2},
    {0x2CA4, 0x2CA4, 1},
    {0x2CA5, 0x2CA5, 2},
    {0x2CA6, 0x2CA6, 1},
    {0x2CA7, 0x2CA7, 2},
    {0x2CA8, 0x2CA8, 1},
    {0x2CA9, 0x2CA9, 2},
    {0x2CAA, 0x2CAA, 1},
    {0x2CAB, 0x2CAB, 2},
    {0x2CAC, 0x2CAC, 1},
    {0x2CAD, 0x2CAD, 2},
    {0x2CAE, 0x2CAE, 1},
    {0x2CAF, 0x2CAF, 2},
    {0x2CB0, 0x2CB0, 1},
    {0x2CB1, 0x2CB1, 2},
    {0x2CB2, 0x2CB2, 1},
    {0x2CB3, 0x2CB3, 2},
    {0x2CB4, 0x2CB4, 1},
    {0x2CB5, 0x2CB5, 2},
    {0x2CB6, 0x2CB6, 1},
    {0x2CB7, 0x2CB7, 2},
    {0x2CB8, 0x2CB8, 1},
    {0x2CB9, 0x2CB9, 2},
    {0x2CBA, 0x2CBA, 1},
    {0x2CBB, 0x2CBB, 2},
    {0x2CBC, 0x2CBC, 1},
    {0x2CBD, 0x2CBD, 2},
    {0x2CBE, 0x2CBE, 1},
    {0x2CBF, 0x2CBF, 2},
    {0x2CC0, 0x2CC0, 1},
    {0x2CC1, 0x2CC1, 2},
    {0x2CC2, 0x2CC2, 1},
    {0x2CC3, 0x2CC3, 2},
    {0x2CC4, 0x2CC4, 1},
    {0x2CC5, 0x2CC5, 2},
    {0x2CC6, 0x2CC6, 1},
    {0x2CC7, 0x2CC7, 2},
    {0x2CC8, 0x2CC8, 1},
    {0x2CC9, 0x2CC9, 2},
    {0x2CCA, 0x2CCA, 1},
    {0x2CCB, 0x2CCB, 2},
    {0x2CCC, 0x2CCC, 1},
    {0x2CCD, 0x2CCD, 2},
    {0x2CCE, 0x2CCE, 1},
    {0x2CCF, 0x2CCF, 2},
    {0x2CD0, 0x2CD0, 1},
    {0x2CD1, 0x2CD1, 2},
    {0x2CD2, 0x2CD2, 1},
    {0x2CD3, 0x2CD3, 2},
    {0x2CD4, 0x2CD4, 1},
    {0x2CD5, 0x2CD5, 2},
    {0x2CD6, 0x2CD6, 1},
    {0x2CD7, 0x2CD7, 2},
    {0x2CD8, 0x2CD8, 1},
    {0x2CD9, 0x2CD9, 2},
    {0x2CDA, 0x2CDA, 1},
    {0x2CDB, 0x2CDB, 2},
    {0x2CDC, 0x2CDC, 1},
    {0x2CDD, 0x2CDD, 2},
    {0x2CDE, 0x2CDE, 1},
    {0x2CDF, 0x2CDF, 2},
    {0x2CE0, 0x2CE0, 1},
    {0x2CE1, 0x2CE1, 2},
    {0x2CE2, 0x2CE2, 1},
    {0x2CE3, 0x2CE4, 2},
    {0x2CEB, 0x2CEB, 1},
    {0x2CEC, 0x2CEC, 2},
    {0x2CED, 0x2CED, 1},
    {0x2CEE, 0x2CEE, 2},
    {0x2CEF, 0x2CF1, 6},
    {0x2CF2, 0x2CF2, 1},
    {0x2CF3, 0x2CF3, 2},
    {0x2CFD, 0x2CFD, 7},
    {0x2D00, 0x2D25, 2},
    {0x2D27, 0x2D27, 2},
    {0x2D2D, 0x2D2D, 2},
    {0x2D30, 0x2D67, 5},
    {0x2D6F, 0x2D6F, 4},
    {0x2D7F, 0x2D7F, 6},
    {0x2D80, 0x2D96, 5},
    {0x2DA0, 0x2DA6, 5},
    {0x2DA8, 0x2DAE, 5},
    {0x2DB0, 0x2DB6, 5},
    {0x2DB8, 0x2DBE, 5},
    {0x2DC0, 0x2DC6, 5},
    {0x2DC8, 0x2DCE, 5},
    {0x2DD0, 0x2DD6, 5},
    {0x2DD8, 0x2DDE, 5},
    {0x2DE0, 0x2DFF, 6},
    {0x2E2F, 0x2E2F, 4},
    {0x3005, 0x3005, 4},
    {0x3006, 0x3006, 5},
    {0x3007, 0x3007, 7},
    {0x3021, 0x3029, 7},
    {0x302A, 0x302F, 6},
    {0x3031, 0x3035, 4},
    {0x3038, 0x303A, 7},
    {0x303B, 0x303B, 4},
    {0x303C, 0x303C, 5},
    {0x3041, 0x3096, 5},
    {0x3099, 0x309A, 6},
    {0x309D, 0x309E, 4},
    {0x309F, 0x309F, 5},
    {0x30A1, 0x30FA, 5},
    {0x30FC, 0x30FE, 4},
    {0x30FF, 0x30FF, 5},
    {0x3105, 0x312F, 5},
    {0x3131, 0x318E, 5},
    {0x3192, 0x3195, 7},
    {0x31A0, 0x31BF, 5},
    {0x31F0, 0x31FF, 5},
    {0x3220, 0x3229, 7},
    {0x3248, 0x324F, 7},
    {0x3251, 0x325F, 7},
    {0x3280, 0x3289, 7},
    {0x32B1, 0x32BF, 7},
    {0x3400, 0x4DBF, 5},
    {0x4E00, 0xA014, 5},
    {0xA015, 0xA015, 4},
    {0xA016, 0xA48C, 5},
    {0xA4D0, 0xA4F7, 5},
    {0xA4F8, 0xA4FD, 4},
    {0xA500, 0xA60B, 5},
    {0xA60C, 0xA60C, 4},
    {0xA610, 0xA61F, 5},
    {0xA620, 0xA629, 7},
    {0xA62A, 0xA62B, 5},
    {0xA640, 0xA640, 1},
    {0xA641, 0xA641, 2},
    {0xA642, 0xA642, 1},
    {0xA643, 0xA643, 2},
    {0xA644, 0xA644, 1},
    {0xA645, 0xA645, 2},
    {0xA646, 0xA646, 1},
    {0xA647, 0xA647, 2},
    {0xA648, 0xA648, 1},
    {0xA649, 0xA649, 2},
    {0xA64A, 0xA64A, 1},
    {0xA64B, 0xA64B, 2},
    {0xA64C, 0xA64C, 1},
    {0xA64D, 0xA64D, 2},
    {0xA64E, 0xA64E, 1},
    {0xA64F, 0xA64F, 2},
    {0xA650, 0xA650, 1},
    {0xA651, 0xA651, 2},
    {0xA652, 0xA652, 1},
    {0xA653, 0xA653, 2},
    {0xA654, 0xA654, 1},
    {0xA655, 0xA655, 2},
    {0xA656, 0xA656, 1},
    {0xA657, 0xA657, 2},
    {0xA658, 0xA658, 1},
    {0xA659, 0xA659, 2},
    {0xA65A, 0xA65A, 1},
    {0xA65B, 0xA65B, 2},
    {0xA65C, 0xA65C, 1},
    {0xA65D, 0xA65D, 2},
    {0xA65E, 0xA65E, 1},
    {0xA65F, 0xA65F, 2},
    {0xA660, 0xA660, 1},
    {0xA661, 0xA661, 2},
    {0xA662, 0xA662, 1},
    {0xA663, 0xA663, 2},
    {0xA664, 0xA664, 1},
    {0xA665, 0xA665, 2},
    {0xA666, 0xA666, 1},
    {0xA667, 0xA667, 2},
    {0xA668, 0xA668, 1},
    {0xA669, 0xA669, 2},
    {0xA66A, 0xA66A, 1},
    {0xA66B, 0xA66B, 2},
    {0xA66C, 0xA66C, 1},
    {0xA66D, 0xA66D, 2},
    {0xA66E, 0xA66E, 5},
    {0xA66F, 0xA672, 6},
    {0xA674, 0xA67D, 6},
    {0xA67F, 0xA67F, 4},
    {0xA680, 0xA680, 1},
    {0xA681, 0xA681, 2},
    {0xA682, 0xA682, 1},
    {0xA683, 0xA683, 2},
    {0xA684, 0xA684, 1},
    {0xA685, 0xA685, 2},
    {0xA686, 0xA686, 1},
    {0xA687, 0xA687, 2},
    {0xA688, 0xA688, 1},
    {0xA689, 0xA689, 2},
    {0xA68A, 0xA68A, 1},
    {0xA68B, 0xA68B, 2},
    {0xA68C, 0xA68C, 1},
    {0xA68D, 0xA68D, 2},
    {0xA68E, 0xA68E, 1},
    {0xA68F, 0xA68F, 2},
    {0xA690, 0xA690, 1},
    {0xA691, 0xA691, 2},
    {0xA692, 0xA692, 1},
    {0xA693, 0xA693, 2},
    {0xA694, 0xA694, 1},
    {0xA695, 0xA695, 2},
    {0xA696, 0xA696, 1},
    {0xA697, 0xA697, 2},
    {0xA698, 0xA698, 1},
    {0xA699, 0xA699, 2},
    {0xA69A, 0xA69A, 1},
    {0xA69B, 0xA69B, 2},
    {0xA69C, 0xA69D, 4},
    {0xA69E, 0xA69F, 6},
    {0xA6A0, 0xA6E5, 5},
    {0xA6E6, 0xA6EF, 7},
    {0xA6F0, 0xA6F1, 6},
    {0xA717, 0xA71F, 4},
    {0xA722, 0xA722, 1},
    {0xA723, 0xA723, 2},
    {0xA724, 0xA724, 1},
    {0xA725, 0xA725, 2},
    {0xA726, 0xA726, 1},
    {0xA727, 0xA727, 2},
    {0xA728, 0xA728, 1},
    {0xA729, 0xA729, 2},
    {0xA72A, 0xA72A, 1},
    {0xA72B, 0xA72B, 2},
    {0xA72C, 0xA72C, 1},
    {0xA72D, 0xA72D, 2},
    {0xA72E, 0xA72E, 1},
    {0xA72F, 0xA731, 2},
    {0xA732, 0xA732, 1},
    {0xA733, 0xA733, 2},
    {0xA734, 0xA734, 1},
    {0xA735, 0xA735, 2},
    {0xA736, 0xA736, 1},
    {0xA737, 0xA737, 2},
    {0xA738, 0xA738, 1},
    {0xA739, 0xA739, 2},
    {0xA73A, 0xA73A, 1},
    {0xA73B, 0xA73B, 2},
    {0xA73C, 0xA73C, 1},
    {0xA73D, 0xA73D, 2},
    {0xA73E, 0xA73E, 1},
    {0xA73F, 0xA73F, 2},
    {0xA740, 0xA740, 1},
    {0xA741, 0xA741, 2},
    {0xA742, 0xA742, 1},
    {0xA743, 0xA743, 2},
    {0xA744, 0xA744, 1},
    {0xA745, 0xA745, 2},
    {0xA746, 0xA746, 1},
    {0xA747, 0xA747, 2},
    {0xA748, 0xA748, 1},
    {0xA749, 0xA749, 2},
    {0xA74A, 0xA74A, 1},
    {0xA74B, 0xA74B, 2},
    {0xA74C, 0xA74C, 1},
    {0xA74D, 0xA74D, 2},
    {0xA74E, 0xA74E, 1},
    {0xA74F, 0xA74F, 2},
    {0xA750, 0xA750, 1},
    {0xA751, 0xA751, 2},
    {0xA752, 0xA752, 1},
    {0xA753, 0xA753, 2},
    {0xA754, 0xA754, 1},
    {0xA755, 0xA755, 2},
    {0xA756, 0xA756, 1},
    {0xA757, 0xA757, 2},
    {0xA758, 0xA758, 1},
    {0xA759, 0xA759, 2},
    {0xA75A, 0xA75A, 1},
    {0xA75B, 0xA75B, 2},
    {0xA75C, 0xA75C, 1},
    {0xA75D, 0xA75D, 2},
    {0xA75E, 0xA75E, 1},
    {0xA75F, 0xA75F, 2},
    {0xA760, 0xA760, 1},
    {0xA761, 0xA761, 2},
    {0xA762, 0xA762, 1},
    {0xA763, 0xA763, 2},
    {0xA764, 0xA764, 1},
    {0xA765, 0xA765, 2},
    {0xA766, 0xA766, 1},
    {0xA767, 0xA767, 2},
    {0xA768, 0xA768, 1},
    {0xA769, 0xA769, 2},
    {0xA76A, 0xA76A, 1},
    {0xA76B, 0xA76B, 2},
    {0xA76C, 0xA76C, 1},
    {0xA76D, 0xA76D, 2},
    {0xA76E, 0xA76E, 1},
    {0xA76F, 0xA76F, 2},
    {0xA770, 0xA770, 4},
    {0xA771, 0xA778, 2},
    {0xA779, 0xA779, 1},
    {0xA77A, 0xA77A, 2},
    {0xA77B, 0xA77B, 1},
    {0xA77C, 0xA77C, 2},
    {0xA77D, 0xA77E, 1},
    {0xA77F, 0xA77F, 2},
    {0xA780, 0xA780, 1},
    {0xA781, 0xA781, 2},
    {0xA782, 0xA782, 1},
    {0xA783, 0xA783, 2},
    {0xA784, 0xA784, 1},
    {0xA785, 0xA785, 2},
    {0xA786, 0xA786, 1},
    {0xA787, 0xA787, 2},
    {0xA788, 0xA788, 4},
    {0xA78B, 0xA78B, 1},
    {0xA78C, 0xA78C, 2},
    {0xA78D, 0xA78D, 1},
    {0xA78E, 0xA78E, 2},
    {0xA78F, 0xA78F, 5},
    {0xA790, 0xA790, 1},
    {0xA791, 0xA791, 2},
    {0xA792, 0xA792, 1},
    {0xA793, 0xA795, 2},
    {0xA796, 0xA796, 1},
    {0xA797, 0xA797, 2},
    {0xA798, 0xA798, 1},
    {0xA799, 0xA799, 2},
    {0xA79A, 0xA79A, 1},
    {0xA79B, 0xA79B, 2},
    {0xA79C, 0xA79C, 1},
    {0xA79D, 0xA79D, 2},
    {0xA79E, 0xA79E, 1},
    {0xA79F, 0xA79F, 2},
    {0xA7A0, 0xA7A0, 1},
    {0xA7A1, 0xA7A1, 2},
    {0xA7A2, 0xA7A2, 1},
    {0xA7A3, 0xA7A3, 2},
    {0xA7A4, 0xA7A4, 1},
    {0xA7A5, 0xA7A5, 2},
    {0xA7A6, 0xA7A6, 1},
    {0xA7A7, 0xA7A7, 2},
    {0xA7A8, 0xA7A8, 1},
    {0xA7A9, 0xA7A9, 2},
    {0xA7AA, 0xA7AE, 1},
    {0xA7AF, 0xA7AF, 2},
    {0xA7B0, 0xA7B4, 1},
    {0xA7B5, 0xA7B5, 2},
    {0xA7B6, 0xA7B6, 1},
    {0xA7B7, 0xA7B7, 2},
    {0xA7B8, 0xA7B8, 1},
    {0xA7B9, 0xA7B9, 2},
    {0xA7BA, 0xA7BA, 1},
    {0xA7BB, 0xA7BB, 2},
    {0xA7BC, 0xA7BC, 1},
    {0xA7BD, 0xA7BD, 2},
    {0xA7BE, 0xA7BE, 1},
    {0xA7BF, 0xA7BF, 2},
    {0xA7C0, 0xA7C0, 1},
    {0xA7C1, 0xA7C1, 2},
    {0xA7C2, 0xA7C2, 1},
    {0xA7C3, 0xA7C3, 2},
    {0xA7C4, 0xA7C7, 1},
    {0xA7C8, 0xA7C8, 2},
    {0xA7C9, 0xA7C9, 1},
    {0xA7CA, 0xA7CA, 2},
    {0xA7D0, 0xA7D0, 1},
    {0xA7D1, 0xA7D1, 2},
    {0xA7D3, 0xA7D3, 2},
    {0xA7D5, 0xA7D5, 2},
    {0xA7D6, 0xA7D6, 1},
    {0xA7D7, 0xA7D7, 2},
    {0xA7D8, 0xA7D8, 1},
    {0xA7D9, 0xA7D9, 2},
    {0xA7F2, 0xA7F4, 4},
    {0xA7F5, 0xA7F5, 1},
    {0xA7F6, 0xA7F6, 2},
    {0xA7F7, 0xA7F7, 5},
    {0xA7F8, 0xA7F9, 4},
    {0xA7FA, 0xA7FA, 2},
    {0xA7FB, 0xA801, 5},
    {0xA802, 0xA802, 6},
    {0xA803, 0xA805, 5},
    {0xA806, 0xA806, 6},
    {0xA807, 0xA80A, 5},
    {0xA80B, 0xA80B, 6},
    {0xA80C, 0xA822, 5},
    {0xA823, 0xA827, 6},
    {0xA82C, 0xA82C, 6},
    {0xA830, 0xA835, 7},
    {0xA840, 0xA873, 5},
    {0xA880, 0xA881, 6},
    {0xA882, 0xA8B3, 5},
    {0xA8B4, 0xA8C5, 6},
    {0xA8D0, 0xA8D9, 7},
    {0xA8E0, 0xA8F1, 6},
    {0xA8F2, 0xA8F7, 5},
    {0xA8FB, 0xA8FB, 5},
    {0xA8FD, 0xA8FE, 5},
    {0xA8FF, 0xA8FF, 6},
    {0xA900, 0xA909, 7},
    {0xA90A, 0xA925, 5},
    {0xA926, 0xA92D, 6},
    {0xA930, 0xA946, 5},
    {0xA947, 0xA953, 6},
    {0xA960, 0xA97C, 5},
    {0xA980, 0xA983, 6},
    {0xA984, 0xA9B2, 5},
    {0xA9B3, 0xA9C0, 6},
    {0xA9CF, 0xA9CF, 4},
    {0xA9D0, 0xA9D9, 7},
    {0xA9E0, 0xA9E4, 5},
    {0xA9E5, 0xA9E5, 6},
    {0xA9E6, 0xA9E6, 4},
    {0xA9E7, 0xA9EF, 5},
    {0xA9F0, 0xA9F9, 7},
    {0xA9FA, 0xA9FE, 5},
    {0xAA00, 0xAA28, 5},
    {0xAA29, 0xAA36, 6},
    {0xAA40, 0xAA42, 5},
    {0xAA43, 0xAA43, 6},
    {0xAA44, 0xAA4B, 5},
    {0xAA4C, 0xAA4D, 6},
    {0xAA50, 0xAA59, 7},
    {0xAA60, 0xAA6F, 5},
    {0xAA70, 0xAA70, 4},
    {0xAA71, 0xAA76, 5},
    {0xAA7A, 0xAA7A, 5},
    {0xAA7B, 0xAA7D, 6},
    {0xAA7E, 0xAAAF, 5},
    {0xAAB0, 0xAAB0, 6},
    {0xAAB1, 0xAAB1, 5},
    {0xAAB2, 0xAAB4, 6},
    {0xAAB5, 0xAAB6, 5},
    {0xAAB7, 0xAAB8, 6},
    {0xAAB9, 0xAABD, 5},
    {0xAABE, 0xAABF, 6},
    {0xAAC0, 0xAAC0, 5},
    {0xAAC1, 0xAAC1, 6},
    {0xAAC2, 0xAAC2, 5},
    {0xAADB, 0xAADC, 5},
    {0xAADD, 0xAADD, 4},
    {0xAAE0, 0xAAEA, 5},
    {0xAAEB, 0xAAEF, 6},
    {0xAAF2, 0xAAF2, 5},
    {0xAAF3, 0xAAF4, 4},
    {0xAAF5, 0xAAF6, 6},
    {0xAB01, 0xAB06, 5},
    {0xAB09, 0xAB0E, 5},
    {0xAB11, 0xAB16, 5},
    {0xAB20, 0xAB26, 5},
    {0xAB28, 0xAB2E, 5},
    {0xAB30, 0xAB5A, 2},
    {0xAB5C, 0xAB5F, 4},
    {0xAB60, 0xAB68, 2},
    {0xAB69, 0xAB69, 4},
    {0xAB70, 0xABBF, 2},
    {0xABC0, 0xABE2, 5},
    {0xABE3, 0xABEA, 6},
    {0xABEC, 0xABED, 6},
    {0xABF0, 0xABF9, 7},
    {0xAC00, 0xD7A3, 5},
    {0xD7B0, 0xD7C6, 5},
    {0xD7CB, 0xD7FB, 5},
    {0xF900, 0xFA6D, 5},
    {0xFA70, 0xFAD9, 5},
    {0xFB00, 0xFB06, 2},
    {0xFB13, 0xFB17, 2},
    {0xFB1D, 0xFB1D, 5},
    {0xFB1E, 0xFB1E, 6},
    {0xFB1F, 0xFB28, 5},
    {0xFB2A, 0xFB36, 5},
    {0xFB38, 0xFB3C, 5},
    {0xFB3E, 0xFB3E, 5},
    {0xFB40, 0xFB41, 5},
    {0xFB43, 0xFB44, 5},
    {0xFB46, 0xFBB1, 5},
    {0xFBD3, 0xFD3D, 5},
    {0xFD50, 0xFD8F, 5},
    {0xFD92, 0xFDC7, 5},
    {0xFDF0, 0xFDFB, 5},
    {0xFE00, 0xFE0F, 6},
    {0xFE20, 0xFE2F, 6},
    {0xFE70, 0xFE74, 5},
    {0xFE76, 0xFEFC, 5},
    {0xFF10, 0xFF19, 7},
    {0xFF21, 0xFF3A, 1},
    {0xFF41, 0xFF5A, 2},
    {0xFF66, 0xFF6F, 5},
    {0xFF70, 0xFF70, 4},
    {0xFF71, 0xFF9D, 5},
    {0xFF9E, 0xFF9F, 4},
    {0xFFA0, 0xFFBE, 5},
    {0xFFC2, 0xFFC7, 5},
    {0xFFCA, 0xFFCF, 5},
    {0xFFD2, 0xFFD7, 5},
    {0xFFDA, 0xFFDC, 5},
    {0x10000, 0x1000B, 5},
    {0x1000D, 0x10026, 5},
    {0x10028, 0x1003A, 5},
    {0x1003C, 0x1003D, 5},
    {0x1003F, 0x1004D, 5},
    {0x10050, 0x1005D, 5},
    {0x10080, 0x100FA, 5},
    {0x10107, 0x10133, 7},
    {0x10140, 0x10178, 7},
    {0x1018A, 0x1018B, 7},
    {0x101FD, 0x101FD, 6},
    {0x10280, 0x1029C, 5},
    {0x102A0, 0x102D0, 5},
    {0x102E0, 0x102E0, 6},
    {0x102E1, 0x102FB, 7},
    {0x10300, 0x1031F, 5},
    {0x10320, 0x10323, 7},
    {0x1032D, 0x10340, 5},
    {0x10341, 0x10341, 7},
    {0x10342, 0x10349, 5},
    {0x1034A, 0x1034A, 7},
    {0x10350, 0x10375, 5},
    {0x10376, 0x1037A, 6},
    {0x10380, 0x1039D, 5},
    {0x103A0, 0x103C3, 5},
    {0x103C8, 0x103CF, 5},
    {0x103D1, 0x103D5, 7},
    {0x10400, 0x10427, 1},
    {0x10428, 0x1044F, 2},
    {0x10450, 0x1049D, 5},
    {0x104A0, 0x104A9, 7},
    {0x104B0, 0x104D3, 1},
    {0x104D8, 0x104FB, 2},
    {0x10500, 0x10527, 5},
    {0x10530, 0x10563, 5},
    {0x10570, 0x1057A, 1},
    {0x1057C, 0x1058A, 1},
    {0x1058C, 0x10592, 1},
    {0x10594, 0x10595, 1},
    {0x10597, 0x105A1, 2},
    {0x105A3, 0x105B1, 2},
    {0x105B3, 0x105B9, 2},
    {0x105BB, 0x105BC, 2},
    {0x10600, 0x10736, 5},
    {0x10740, 0x10755, 5},
    {0x10760, 0x10767, 5},
    {0x10780, 0x10785, 4},
    {0x10787, 0x107B0, 4},
    {0x107B2, 0x107BA, 4},
    {0x10800, 0x10805, 5},
    {0x10808, 0x10808, 5},
    {0x1080A, 0x10835, 5},
    {0x10837, 0x10838, 5},
    {0x1083C, 0x1083C, 5},
    {0x1083F, 0x10855, 5},
    {0x10858, 0x1085F, 7},
    {0x10860, 0x10876, 5},
    {0x10879, 0x1087F, 7},
    {0x10880, 0x1089E, 5},
    {0x108A7, 0x108AF, 7},
    {0x108E0, 0x108F2, 5},
    {0x108F4, 0x108F5, 5},
    {0x108FB, 0x108FF, 7},
    {0x10900, 0x10915, 5},
    {0x10916, 0x1091B, 7},
    {0x10920, 0x10939, 5},
    {0x10980, 0x109B7, 5},
    {0x109BC, 0x109BD, 7},
    {0x109BE, 0x109BF, 5},
    {0x109C0, 0x109CF, 7},
    {0x109D2, 0x109FF, 7},
    {0x10A00, 0x10A00, 5},
    {0x10A01, 0x10A03, 6},
    {0x10A05, 0x10A06, 6},
    {0x10A0C, 0x10A0F, 6},
    {0x10A10, 0x10A13, 5},
    {0x10A15, 0x10A17, 5},
    {0x10A19, 0x10A35, 5},
    {0x10A38, 0x10A3A, 6},
    {0x10A3F, 0x10A3F, 6},
    {0x10A40, 0x10A48, 7},
    {0x10A60, 0x10A7C, 5},
    {0x10A7D, 0x10A7E, 7},
    {0x10A80, 0x10A9C, 5},
    {0x10A9D, 0x10A9F, 7},
    {0x10AC0, 0x10AC7, 5},
    {0x10AC9, 0x10AE4, 5},
    {0x10AE5, 0x10AE6, 6},
    {0x10AEB, 0x10AEF, 7},
    {0x10B00, 0x10B35, 5},
    {0x10B40, 0x10B55, 5},
    {0x10B58, 0x10B5F, 7},
    {0x10B60, 0x10B72, 5},
    {0x10B78, 0x10B7F, 7},
    {0x10B80, 0x10B91, 5},
    {0x10BA9, 0x10BAF, 7},
    {0x10C00, 0x10C48, 5},
    {0x10C80, 0x10CB2, 1},
    {0x10CC0, 0x10CF2, 2},
    {0x10CFA, 0x10CFF, 7},
    {0x10D00, 0x10D23, 5},
    {0x10D24, 0x10D27, 6},
    {0x10D30, 0x10D39, 7},
    {0x10E60, 0x10E7E, 7},
    {0x10E80, 0x10EA9, 5},
    {0x10EAB, 0x10EAC, 6},
    {0x10EB0, 0x10EB1, 5},
    {0x10EFD, 0x10EFF, 6},
    {0x10F00, 0x10F1C, 5},
    {0x10F1D, 0x10F26, 7},
    {0x10F27, 0x10F27, 5},
    {0x10F30, 0x10F45, 5},
    {0x10F46, 0x10F50, 6},
    {0x10F51, 0x10F54, 7},
    {0x10F70, 0x10F81, 5},
    {0x10F82, 0x10F85, 6},
    {0x10FB0, 0x10FC4, 5},
    {0x10FC5, 0x10FCB, 7},
    {0x10FE0, 0x10FF6, 5},
    {0x11000, 0x11002, 6},
    {0x11003, 0x11037, 5},
    {0x11038, 0x11046, 6},
    {0x11052, 0x1106F, 7},
    {0x11070, 0x11070, 6},
    {0x11071, 0x11072, 5},
    {0x11073, 0x11074, 6},
    {0x11075, 0x11075, 5},
    {0x1107F, 0x11082, 6},
    {0x11083, 0x110AF, 5},
    {0x110B0, 0x110BA, 6},
    {0x110C2, 0x110C2, 6},
    {0x110D0, 0x110E8, 5},
    {0x110F0, 0x110F9, 7},
    {0x11100, 0x11102, 6},
    {0x11103, 0x11126, 5},
    {0x11127, 0x11134, 6},
    {0x11136, 0x1113F, 7},
    {0x11144, 0x11144, 5},
    {0x11145, 0x11146, 6},
    {0x11147, 0x11147, 5},
    {0x11150, 0x11172, 5},
    {0x11173, 0x11173, 6},
    {0x11176, 0x11176, 5},
    {0x11180, 0x11182, 6},
    {0x11183, 0x111B2, 5},
    {0x111B3, 0x111C0, 6},
    {0x111C1, 0x111C4, 5},
    {0x111C9, 0x111CC, 6},
    {0x111CE, 0x111CF, 6},
    {0x111D0, 0x111D9, 7},
    {0x111DA, 0x111DA, 5},
    {0x111DC, 0x111DC, 5},
    {0x111E1, 0x111F4, 7},
    {0x11200, 0x11211, 5},
    {0x11213, 0x1122B, 5},
    {0x1122C, 0x11237, 6},
    {0x1123E, 0x1123E, 6},
    {0x1123F, 0x11240, 5},
    {0x11241, 0x11241, 6},
    {0x11280, 0x11286, 5},
    {0x11288, 0x11288, 5},
    {0x1128A, 0x1128D, 5},
    {0x1128F, 0x1129D, 5},
    {0x1129F, 0x112A8, 5},
    {0x112B0, 0x112DE, 5},
    {0x112DF, 0x112EA, 6},
    {0x112F0, 0x112F9, 7},
    {0x11300, 0x11303, 6},
    {0x11305, 0x1130C, 5},
    {0x1130F, 0x11310, 5},
    {0x11313, 0x11328, 5},
    {0x1132A, 0x11330, 5},
    {0x11332, 0x11333, 5},
    {0x11335, 0x11339, 5},
    {0x1133B, 0x1133C, 6},
    {0x1133D, 0x1133D, 5},
    {0x1133E, 0x11344, 6},
    {0x11347, 0x11348, 6},
    {0x1134B, 0x1134D, 6},
    {0x11350, 0x11350, 5},
    {0x11357, 0x11357, 6},
    {0x1135D, 0x11361, 5},
    {0x11362, 0x11363, 6},
    {0x11366, 0x1136C, 6},
    {0x11370, 0x11374, 6},
    {0x11400, 0x11434, 5},
    {0x11435, 0x11446, 6},
    {0x11447, 0x1144A, 5},
    {0x11450, 0x11459, 7},
    {0x1145E, 0x1145E, 6},
    {0x1145F, 0x11461, 5},
    {0x11480, 0x114AF, 5},
    {0x114B0, 0x114C3, 6},
    {0x114C4, 0x114C5, 5},
    {0x114C7, 0x114C7, 5},
    {0x114D0, 0x114D9, 7},
    {0x11580, 0x115AE, 5},
    {0x115AF, 0x115B5, 6},
    {0x115B8, 0x115C0, 6},
    {0x115D8, 0x115DB, 5},
    {0x115DC, 0x115DD, 6},
    {0x11600, 0x1162F, 5},
    {0x11630, 0x11640, 6},
    {0x11644, 0x11644, 5},
    {0x11650, 0x11659, 7},
    {0x11680, 0x116AA, 5},
    {0x116AB, 0x116B7, 6},
    {0x116B8, 0x116B8, 5},
    {0x116C0, 0x116C9, 7},
    {0x11700, 0x1171A, 5},
    {0x1171D, 0x1172B, 6},
    {0x11730, 0x1173B, 7},
    {0x11740, 0x11746, 5},
    {0x11800, 0x1182B, 5},
    {0x1182C, 0x1183A, 6},
    {0x118A0, 0x118BF, 1},
    {0x118C0, 0x118DF, 2},
    {0x118E0, 0x118F2, 7},
    {0x118FF, 0x11906, 5},
    {0x11909, 0x11909, 5},
    {0x1190C, 0x11913, 5},
    {0x11915, 0x11916, 5},
    {0x11918, 0x1192F, 5},
    {0x11930, 0x11935, 6},
    {0x11937, 0x11938, 6},
    {0x1193B, 0x1193E, 6},
    {0x1193F, 0x1193F, 5},
    {0x11940, 0x11940, 6},
    {0x11941, 0x11941, 5},
    {0x11942, 0x11943, 6},
    {0x11950, 0x11959, 7},
    {0x119A0, 0x119A7, 5},
    {0x119AA, 0x119D0, 5},
    {0x119D1, 0x119D7, 6},
    {0x119DA, 0x119E0, 6},
    {0x119E1, 0x119E1, 5},
    {0x119E3, 0x119E3, 5},
    {0x119E4, 0x119E4, 6},
    {0x11A00, 0x11A00, 5},
    {0x11A01, 0x11A0A, 6},
    {0x11A0B, 0x11A32, 5},
    {0x11A33, 0x11A39, 6},
    {0x11A3A, 0x11A3A, 5},
    {0x11A3B, 0x11A3E, 6},
    {0x11A47, 0x11A47, 6},
    {0x11A50, 0x11A50, 5},
    {0x11A51, 0x11A5B, 6},
    {0x11A5C, 0x11A89, 5},
    {0x11A8A, 0x11A99, 6},
    {0x11A9D, 0x11A9D, 5},
    {0x11AB0, 0x11AF8, 5},
    {0x11C00, 0x11C08, 5},
    {0x11C0A, 0x11C2E, 5},
    {0x11C2F, 0x11C36, 6},
    {0x11C38, 0x11C3F, 6},
    {0x11C40, 0x11C40, 5},
    {0x11C50, 0x11C6C, 7},
    {0x11C72, 0x11C8F, 5},
    {0x11C92, 0x11CA7, 6},
    {0x11CA9, 0x11CB6, 6},
    {0x11D00, 0x11D06, 5},
    {0x11D08, 0x11D09, 5},
    {0x11D0B, 0x11D30, 5},
    {0x11D31, 0x11D36, 6},
    {0x11D3A, 0x11D3A, 6},
    {0x11D3C, 0x11D3D, 6},
    {0x11D3F, 0x11D45, 6},
    {0x11D46, 0x11D46, 5},
    {0x11D47, 0x11D47, 6},
    {0x11D50, 0x11D59, 7},
    {0x11D60, 0x11D65, 5},
    {0x11D67, 0x11D68, 5},
    {0x11D6A, 0x11D89, 5},
    {0x11D8A, 0x11D8E, 6},
    {0x11D90, 0x11D91, 6},
    {0x11D93, 0x11D97, 6},
    {0x11D98, 0x11D98, 5},
    {0x11DA0, 0x11DA9, 7},
    {0x11EE0, 0x11EF2, 5},
    {0x11EF3, 0x11EF6, 6},
    {0x11F00, 0x11F01, 6},
    {0x11F02, 0x11F02, 5},
    {0x11F03, 0x11F03, 6},
    {0x11F04, 0x11F10, 5},
    {0x11F12, 0x11F33, 5},
    {0x11F34, 0x11F3A, 6},
    {0x11F3E, 0x11F42, 6},
    {0x11F50, 0x11F59, 7},
    {0x11FB0, 0x11FB0, 5},
    {0x11FC0, 0x11FD4, 7},
    {0x12000, 0x12399, 5},
    {0x12400, 0x1246E, 7},
    {0x12480, 0x12543, 5},
    {0x12F90, 0x12FF0, 5},
    {0x13000, 0x1342F, 5},
    {0x13440, 0x13440, 6},
    {0x13441, 0x13446, 5},
    {0x13447, 0x13455, 6},
    {0x14400, 0x14646, 5},
    {0x16800, 0x16A38, 5},
    {0x16A40, 0x16A5E, 5},
    {0x16A60, 0x16A69, 7},
    {0x16A70, 0x16ABE, 5},
    {0x16AC0, 0x16AC9, 7},
    {0x16AD0, 0x16AED, 5},
    {0x16AF0, 0x16AF4, 6},
    {0x16B00, 0x16B2F, 5},
    {0x16B30, 0x16B36, 6},
    {0x16B40, 0x16B43, 4},
    {0x16B50, 0x16B59, 7},
    {0x16B5B, 0x16B61, 7},
    {0x16B63, 0x16B77, 5},
    {0x16B7D, 0x16B8F, 5},
    {0x16E40, 0x16E5F, 1},
    {0x16E60, 0x16E7F, 2},
    {0x16E80, 0x16E96, 7},
    {0x16F00, 0x16F4A, 5},
    {0x16F4F, 0x16F4F, 6},
    {0x16F50, 0x16F50, 5},
    {0x16F51, 0x16F87, 6},
    {0x16F8F, 0x16F92, 6},
    {0x16F93, 0x16F9F, 4},
    {0x16FE0, 0x16FE1, 4},
    {0x16FE3, 0x16FE3, 4},
    {0x16FE4, 0x16FE4, 6},
    {0x16FF0, 0x16FF1, 6},
    {0x17000, 0x187F7, 5},
    {0x18800, 0x18CD5, 5},
    {0x18D00, 0x18D08, 5},
    {0x1AFF0, 0x1AFF3, 4},
    {0x1AFF5, 0x1AFFB, 4},
    {0x1AFFD, 0x1AFFE, 4},
    {0x1B000, 0x1B122, 5},
    {0x1B132, 0x1B132, 5},
    {0x1B150, 0x1B152, 5},
    {0x1B155, 0x1B155, 5},
    {0x1B164, 0x1B167, 5},
    {0x1B170, 0x1B2FB, 5},
    {0x1BC00, 0x1BC6A, 5},
    {0x1BC70, 0x1BC7C, 5},
    {0x1BC80, 0x1BC88, 5},
    {0x1BC90, 0x1BC99, 5},
    {0x1BC9D, 0x1BC9E, 6},
    {0x1CF00, 0x1CF2D, 6},
    {0x1CF30, 0x1CF46, 6},
    {0x1D165, 0x1D169, 6},
    {0x1D16D, 0x1D172, 6},
    {0x1D17B, 0x1D182, 6},
    {0x1D185, 0x1D18B, 6},
    {0x1D1AA, 0x1D1AD, 6},
    {0x1D242, 0x1D244, 6},
    {0x1D2C0, 0x1D2D3, 7},
    {0x1D2E0, 0x1D2F3, 7},
    {0x1D360, 0x1D378, 7},
    {0x1D400, 0x1D419, 1},
    {0x1D41A, 0x1D433, 2},
    {0x1D434, 0x1D44D, 1},
    {0x1D44E, 0x1D454, 2},
    {0x1D456, 0x1D467, 2},
    {0x1D468, 0x1D481, 1},
    {0x1D482, 0x1D49B, 2},
    {0x1D49C, 0x1D49C, 1},
    {0x1D49E, 0x1D49F, 1},
    {0x1D4A2, 0x1D4A2, 1},
    {0x1D4A5, 0x1D4A6, 1},
    {0x1D4A9, 0x1D4AC, 1},
    {0x1D4AE, 0x1D4B5, 1},
    {0x1D4B6, 0x1D4B9, 2},
    {0x1D4BB, 0x1D4BB, 2},
    {0x1D4BD, 0x1D4C3, 2},
    {0x1D4C5, 0x1D4CF, 2},
    {0x1D4D0, 0x1D4E9, 1},
    {0x1D4EA, 0x1D503, 2},
    {0x1D504, 0x1D505, 1},
    {0x1D507, 0x1D50A, 1},
    {0x1D50D, 0x1D514, 1},
    {0x1D516, 0x1D51C, 1},
    {0x1D51E, 0x1D537, 2},
    {0x1D538, 0x1D539, 1},
    {0x1D53B, 0x1D53E, 1},
    {0x1D540, 0x1D544, 1},
    {0x1D546, 0x1D546, 1},
    {0x1D54A, 0x1D550, 1},
    {0x1D552, 0x1D56B, 2},
    {0x1D56C, 0x1D585, 1},
    {0x1D586, 0x1D59F, 2},
    {0x1D5A0, 0x1D5B9, 1},
    {0x1D5BA, 0x1D5D3, 2},
    {0x1D5D4, 0x1D5ED, 1},
    {0x1D5EE, 0x1D607, 2},
    {0x1D608, 0x1D621, 1},
    {0x1D622, 0x1D63B, 2},
    {0x1D63C, 0x1D655, 1},
    {0x1D656, 0x1D66F, 2},
    {0x1D670, 0x1D689, 1},
    {0x1D68A, 0x1D6A5, 2},
    {0x1D6A8, 0x1D6C0, 1},
    {0x1D6C2, 0x1D6DA, 2},
    {0x1D6DC, 0x1D6E1, 2},
    {0x1D6E2, 0x1D6FA, 1},
    {0x1D6FC, 0x1D714, 2},
    {0x1D716, 0x1D71B, 2},
    {0x1D71C, 0x1D734, 1},
    {0x1D736, 0x1D74E, 2},
    {0x1D750, 0x1D755, 2},
    {0x1D756, 0x1D76E, 1},
    {0x1D770, 0x1D788, 2},
    {0x1D78A, 0x1D78F, 2},
    {0x1D790, 0x1D7A8, 1},
    {0x1D7AA, 0x1D7C2, 2},
    {0x1D7C4, 0x1D7C9, 2},
    {0x1D7CA, 0x1D7CA, 1},
    {0x1D7CB, 0x1D7CB, 2},
    {0x1D7CE, 0x1D7FF, 7},
    {0x1DA00, 0x1DA36, 6},
    {0x1DA3B, 0x1DA6C, 6},
    {0x1DA75, 0x1DA75, 6},
    {0x1DA84, 0x1DA84, 6},
    {0x1DA9B, 0x1DA9F, 6},
    {0x1DAA1, 0x1DAAF, 6},
    {0x1DF00, 0x1DF09, 2},
    {0x1DF0A, 0x1DF0A, 5},
    {0x1DF0B, 0x1DF1E, 2},
    {0x1DF25, 0x1DF2A, 2},
    {0x1E000, 0x1E006, 6},
    {0x1E008, 0x1E018, 6},
    {0x1E01B, 0x1E021, 6},
    {0x1E023, 0x1E024, 6},
    {0x1E026, 0x1E02A, 6},
    {0x1E030, 0x1E06D, 4},
    {0x1E08F, 0x1E08F, 6},
    {0x1E100, 0x1E12C, 5},
    {0x1E130, 0x1E136, 6},
    {0x1E137, 0x1E13D, 4},
    {0x1E140, 0x1E149, 7},
    {0x1E14E, 0x1E14E, 5},
    {0x1E290, 0x1E2AD, 5},
    {0x1E2AE, 0x1E2AE, 6},
    {0x1E2C0, 0x1E2EB, 5},
    {0x1E2EC, 0x1E2EF, 6},
    {0x1E2F0, 0x1E2F9, 7},
    {0x1E4D0, 0x1E4EA, 5},
    {0x1E4EB, 0x1E4EB, 4},
    {0x1E4EC, 0x1E4EF, 6},
    {0x1E4F0, 0x1E4F9, 7},
    {0x1E7E0, 0x1E7E6, 5},
    {0x1E7E8, 0x1E7EB, 5},
    {0x1E7ED, 0x1E7EE, 5},
    {0x1E7F0, 0x1E7FE, 5},
    {0x1E800, 0x1E8C4, 5},
    {0x1E8C7, 0x1E8CF, 7},
    {0x1E8D0, 0x1E8D6, 6},
    {0x1E900, 0x1E921, 1},
    {0x1E922, 0x1E943, 2},
    {0x1E944, 0x1E94A, 6},
    {0x1E94B, 0x1E94B, 4},
    {0x1E950, 0x1E959, 7},
    {0x1EC71, 0x1ECAB, 7},
    {0x1ECAD, 0x1ECAF, 7},
    {0x1ECB1, 0x1ECB4, 7},
    {0x1ED01, 0x1ED2D, 7},
    {0x1ED2F, 0x1ED3D, 7},
    {0x1EE00, 0x1EE03, 5},
    {0x1EE05, 0x1EE1F, 5},
    {0x1EE21, 0x1EE22, 5},
    {0x1EE24, 0x1EE24, 5},
    {0x1EE27, 0x1EE27, 5},
    {0x1EE29, 0x1EE32, 5},
    {0x1EE34, 0x1EE37, 5},
    {0x1EE39, 0x1EE39, 5},
    {0x1EE3B, 0x1EE3B, 5},
    {0x1EE42, 0x1EE42, 5},
    {0x1EE47, 0x1EE47, 5},
    {0x1EE49, 0x1EE49, 5},
    {0x1EE4B, 0x1EE4B, 5},
    {0x1EE4D, 0x1EE4F, 5},
    {0x1EE51, 0x1EE52, 5},
    {0x1EE54, 0x1EE54, 5},
    {0x1EE57, 0x1EE57, 5},
    {0x1EE59, 0x1EE59, 5},
    {0x1EE5B, 0x1EE5B, 5},
    {0x1EE5D, 0x1EE5D, 5},
    {0x1EE5F, 0x1EE5F, 5},
    {0x1EE61, 0x1EE62, 5},
    {0x1EE64, 0x1EE64, 5},
    {0x1EE67, 0x1EE6A, 5},
    {0x1EE6C, 0x1EE72, 5},
    {0x1EE74, 0x1EE77, 5},
    {0x1EE79, 0x1EE7C, 5},
    {0x1EE7E, 0x1EE7E, 5},
    {0x1EE80, 0x1EE89, 5},
    {0x1EE8B, 0x1EE9B, 5},
    {0x1EEA1, 0x1EEA3, 5},
    {0x1EEA5, 0x1EEA9, 5},
    {0x1EEAB, 0x1EEBB, 5},
    {0x1F100, 0x1F10C, 7},
    {0x1FBF0, 0x1FBF9, 7},
    {0x20000, 0x2A6DF, 5},
    {0x2A700, 0x2B739, 5},
    {0x2B740, 0x2B81D, 5},
    {0x2B820, 0x2CEA1, 5},
    {0x2CEB0, 0x2EBE0, 5},
    {0x2EBF0, 0x2EE5D, 5},
    {0x2F800, 0x2FA1D, 5},
    {0x30000, 0x3134A, 5},
    {0x31350, 0x323AF, 5},
    {0xE0100, 0xE01EF, 6},
};

static const CpRange WHITE_SPACE[10] = {
    {0x9, 0xD},
    {0x20, 0x20},
    {0x85, 0x85},
    {0xA0, 0xA0},
    {0x1680, 0x1680},
    {0x2000, 0x200A},
    {0x2028, 0x2029},
    {0x202F, 0x202F},
    {0x205F, 0x205F},
    {0x3000, 0x3000},
};

// canonical decompositions, first level: {cp, a, b} (b == 0: singleton). Hangul is algorithmic.
static const Decomp DECOMPS[2061] = {
    {0xC0, 0x41, 0x300},
    {0xC1, 0x41, 0x301},
    {0xC2, 0x41, 0x302},
    {0xC3, 0x41, 0x303},
    {0xC4, 0x41, 0x308},
    {0xC5, 0x41, 0x30A},
    {0xC7, 0x43, 0x327},
    {0xC8, 0x45, 0x300},
    {0xC9, 0x45, 0x301},
    {0xCA, 0x45, 0x302},
    {0xCB, 0x45, 0x308},
    {0xCC, 0x49, 0x300},
    {0xCD, 0x49, 0x301},
    {0xCE, 0x49, 0x302},
    {0xCF, 0x49, 0x308},
    {0xD1, 0x4E, 0x303},
    {0xD2, 0x4F, 0x300},
    {0xD3, 0x4F, 0x301},
    {0xD4, 0x4F, 0x302},
    {0xD5, 0x4F, 0x303},
    {0xD6, 0x4F, 0x308},
    {0xD9, 0x55, 0x300},
    {0xDA, 0x55, 0x301},
    {0xDB, 0x55, 0x302},
    {0xDC, 0x55, 0x308},
    {0xDD, 0x59, 0x301},
    {0xE0, 0x61, 0x300},
    {0xE1, 0x61, 0x301},
    {0xE2, 0x61, 0x302},
    {0xE3, 0x61, 0x303},
    {0xE4, 0x61, 0x308},
    {0xE5, 0x61, 0x30A},
    {0xE7, 0x63, 0x327},
    {0xE8, 0x65, 0x300},
    {0xE9, 0x65, 0x301},
    {0xEA, 0x65, 0x302},
    {0xEB, 0x65, 0x308},
    {0xEC, 0x69, 0x300},
    {0xED, 0x69, 0x301},
    {0xEE, 0x69, 0x302},
    {0xEF, 0x69, 0x308},
    {0xF1, 0x6E, 0x303},
    {0xF2, 0x6F, 0x300},
    {0xF3, 0x6F, 0x301},
    {0xF4, 0x6F, 0x302},
    {0xF5, 0x6F, 0x303},
    {0xF6, 0x6F, 0x308},
    {0xF9, 0x75, 0x300},
    {0xFA, 0x75, 0x301},
    {0xFB, 0x75, 0x302},
    {0xFC, 0x75, 0x308},
    {0xFD, 0x79, 0x301},
    {0xFF, 0x79, 0x308},
    {0x100, 0x41, 0x304},
    {0x101, 0x61, 0x304},
    {0x102, 0x41, 0x306},
    {0x103, 0x61, 0x306},
    {0x104, 0x41, 0x328},
    {0x105, 0x61, 0x328},
    {0x106, 0x43, 0x301},
    {0x107, 0x63, 0x301},
    {0x108, 0x43, 0x302},
    {0x109, 0x63, 0x302},
    {0x10A, 0x43, 0x307},
    {0x10B, 0x63, 0x307},
    {0x10C, 0x43, 0x30C},
    {0x10D, 0x63, 0x30C},
    {0x10E, 0x44, 0x30C},
    {0x10F, 0x64, 0x30C},
    {0x112, 0x45, 0x304},
    {0x113, 0x65, 0x304},
    {0x114, 0x45, 0x306},
    {0x115, 0x65, 0x306},
    {0x116, 0x45, 0x307},
    {0x117, 0x65, 0x307},
    {0x118, 0x45, 0x328},
    {0x119, 0x65, 0x328},
    {0x11A, 0x45, 0x30C},
    {0x11B, 0x65, 0x30C},
    {0x11C, 0x47, 0x302},
    {0x11D, 0x67, 0x302},
    {0x11E, 0x47, 0x306},
    {0x11F, 0x67, 0x306},
    {0x120, 0x47, 0x307},
    {0x121, 0x67, 0x307},
    {0x122, 0x47, 0x327},
    {0x123, 0x67, 0x327},
    {0x124, 0x48, 0x302},
    {0x125, 0x68, 0x302},
    {0x128, 0x49, 0x303},
    {0x129, 0x69, 0x303},
    {0x12A, 0x49, 0x304},
    {0x12B, 0x69, 0x304},
    {0x12C, 0x49, 0x306},
    {0x12D, 0x69, 0x306},
    {0x12E, 0x49, 0x328},
    {0x12F, 0x69, 0x328},
    {0x130, 0x49, 0x307},
    {0x134, 0x4A, 0x302},
    {0x135, 0x6A, 0x302},
    {0x136, 0x4B, 0x327},
    {0x137, 0x6B, 0x327},
    {0x139, 0x4C, 0x301},
    {0x13A, 0x6C, 0x301},
    {0x13B, 0x4C, 0x327},
    {0x13C, 0x6C, 0x327},
    {0x13D, 0x4C, 0x30C},
    {0x13E, 0x6C, 0x30C},
    {0x143, 0x4E, 0x301},
    {0x144, 0x6E, 0x301},
    {0x145, 0x4E, 0x327},
    {0x146, 0x6E, 0x327},
    {0x147, 0x4E, 0x30C},
    {0x148, 0x6E, 0x30C},
    {0x14C, 0x4F, 0x304},
    {0x14D, 0x6F, 0x304},
    {0x14E, 0x4F, 0x306},
    {0x14F, 0x6F, 0x306},
    {0x150, 0x4F, 0x30B},
    {0x151, 0x6F, 0x30B},
    {0x154, 0x52, 0x301},
    {0x155, 0x72, 0x301},
    {0x156, 0x52, 0x327},
    {0x157, 0x72, 0x327},
    {0x158, 0x52, 0x30C},
    {0x159, 0x72, 0x30C},
    {0x15A, 0x53, 0x301},
    {0x15B, 0x73, 0x301},
    {0x15C, 0x53, 0x302},
    {0x15D, 0x73, 0x302},
    {0x15E, 0x53, 0x327},
    {0x15F, 0x73, 0x327},
    {0x160, 0x53, 0x30C},
    {0x161, 0x73, 0x30C},
    {0x162, 0x54, 0x327},
    {0x163, 0x74, 0x327},
    {0x164, 0x54, 0x30C},
    {0x165, 0x74, 0x30C},
    {0x168, 0x55, 0x303},
    {0x169, 0x75, 0x303},
    {0x16A, 0x55, 0x304},
    {0x16B, 0x75, 0x304},
    {0x16C, 0x55, 0x306},
    {0x16D, 0x75, 0x306},
    {0x16E, 0x55, 0x30A},
    {0x16F, 0x75, 0x30A},
    {0x170, 0x55, 0x30B},
    {0x171, 0x75, 0x30B},
    {0x172, 0x55, 0x328},
    {0x173, 0x75, 0x328},
    {0x174, 0x57, 0x302},
    {0x175, 0x77, 0x302},
    {0x176, 0x59, 0x302},
    {0x177, 0x79, 0x302},
    {0x178, 0x59, 0x308},
    {0x179, 0x5A, 0x301},
    {0x17A, 0x7A, 0x301},
    {0x17B, 0x5A, 0x307},
    {0x17C, 0x7A, 0x307},
    {0x17D, 0x5A, 0x30C},
    {0x17E, 0x7A, 0x30C},
    {0x1A0, 0x4F, 0x31B},
    {0x1A1, 0x6F, 0x31B},
    {0x1AF, 0x55, 0x31B},
    {0x1B0, 0x75, 0x31B},
    {0x1CD, 0x41, 0x30C},
    {0x1CE, 0x61, 0x30C},
    {0x1CF, 0x49, 0x30C},
    {0x1D0, 0x69, 0x30C},
    {0x1D1, 0x4F, 0x30C},
    {0x1D2, 0x6F, 0x30C},
    {0x1D3, 0x55, 0x30C},
    {0x1D4, 0x75, 0x30C},
    {0x1D5, 0xDC, 0x304},
    {0x1D6, 0xFC, 0x304},
    {0x1D7, 0xDC, 0x301},
    {0x1D8, 0xFC, 0x301},
    {0x1D9, 0xDC, 0x30C},
    {0x1DA, 0xFC, 0x30C},
    {0x1DB, 0xDC, 0x300},
    {0x1DC, 0xFC, 0x300},
    {0x1DE, 0xC4, 0x304},
    {0x1DF, 0xE4, 0x304},
    {0x1E0, 0x226, 0x304},
    {0x1E1, 0x227, 0x304},
    {0x1E2, 0xC6, 0x304},
    {0x1E3, 0xE6, 0x304},
    {0x1E6, 0x47, 0x30C},
    {0x1E7, 0x67, 0x30C},
    {0x1E8, 0x4B, 0x30C},
    {0x1E9, 0x6B, 0x30C},
    {0x1EA, 0x4F, 0x328},
    {0x1EB, 0x6F, 0x328},
    {0x1EC, 0x1EA, 0x304},
    {0x1ED, 0x1EB, 0x304},
    {0x1EE, 0x1B7, 0x30C},
    {0x1EF, 0x292, 0x30C},
    {0x1F0, 0x6A, 0x30C},
    {0x1F4, 0x47, 0x301},
    {0x1F5, 0x67, 0x301},
    {0x1F8, 0x4E, 0x300},
    {0x1F9, 0x6E, 0x300},
    {0x1FA, 0xC5, 0x301},
    {0x1FB, 0xE5, 0x301},
    {0x1FC, 0xC6, 0x301},
    {0x1FD, 0xE6, 0x301},
    {0x1FE, 0xD8, 0x301},
    {0x1FF, 0xF8, 0x301},
    {0x200, 0x41, 0x30F},
    {0x201, 0x61, 0x30F},
    {0x202, 0x41, 0x311},
    {0x203, 0x61, 0x311},
    {0x204, 0x45, 0x30F},
    {0x205, 0x65, 0x30F},
    {0x206, 0x45, 0x311},
    {0x207, 0x65, 0x311},
    {0x208, 0x49, 0x30F},
    {0x209, 0x69, 0x30F},
    {0x20A, 0x49, 0x311},
    {0x20B, 0x69, 0x311},
    {0x20C, 0x4F, 0x30F},
    {0x20D, 0x6F, 0x30F},
    {0x20E, 0x4F, 0x311},
    {0x20F, 0x6F, 0x311},
    {0x210, 0x52, 0x30F},
    {0x211, 0x72, 0x30F},
    {0x212, 0x52, 0x311},
    {0x213, 0x72, 0x311},
    {0x214, 0x55, 0x30F},
    {0x215, 0x75, 0x30F},
    {0x216, 0x55, 0x311},
    {0x217, 0x75, 0x311},
    {0x218, 0x53, 0x326},
    {0x219, 0x73, 0x326},
    {0x21A, 0x54, 0x326},
    {0x21B, 0x74, 0x326},
    {0x21E, 0x48, 0x30C},
    {0x21F, 0x68, 0x30C},
    {0x226, 0x41, 0x307},
    {0x227, 0x61, 0x307},
    {0x228, 0x45, 0x327},
    {0x229, 0x65, 0x327},
    {0x22A, 0xD6, 0x304},
    {0x22B, 0xF6, 0x304},
    {0x22C, 0xD5, 0x304},
    {0x22D, 0xF5, 0x304},
    {0x22E, 0x4F, 0x307},
    {0x22F, 0x6F, 0x307},
    {0x230, 0x22E, 0x304},
    {0x231, 0x22F, 0x304},
    {0x232, 0x59, 0x304},
    {0x233, 0x79, 0x304},
    {0x340, 0x300, 0x0},
    {0x341, 0x301, 0x0},
    {0x343, 0x313, 0x0},
    {0x344, 0x308, 0x301},
    {0x374, 0x2B9, 0x0},
    {0x37E, 0x3B, 0x0},
    {0x385, 0xA8, 0x301},
    {0x386, 0x391, 0x301},
    {0x387, 0xB7, 0x0},
    {0x388, 0x395, 0x301},
    {0x389, 0x397, 0x301},
    {0x38A, 0x399, 0x301},
    {0x38C, 0x39F, 0x301},
    {0x38E, 0x3A5, 0x301},
    {0x38F, 0x3A9, 0x301},
    {0x390, 0x3CA, 0x301},
    {0x3AA, 0x399, 0x308},
    {0x3AB, 0x3A5, 0x308},
    {0x3AC, 0x3B1, 0x301},
    {0x3AD, 0x3B5, 0x301},
    {0x3AE, 0x3B7, 0x301},
    {0x3AF, 0x3B9, 0x301},
    {0x3B0, 0x3CB, 0x301},
    {0x3CA, 0x3B9, 0x308},
    {0x3CB, 0x3C5, 0x308},
    {0x3CC, 0x3BF, 0x301},
    {0x3CD, 0x3C5, 0x301},
    {0x3CE, 0x3C9, 0x301},
    {0x3D3, 0x3D2, 0x301},
    {0x3D4, 0x3D2, 0x308},
    {0x400, 0x415, 0x300},
    {0x401, 0x415, 0x308},
    {0x403, 0x413, 0x301},
    {0x407, 0x406, 0x308},
    {0x40C, 0x41A, 0x301},
    {0x40D, 0x418, 0x300},
    {0x40E, 0x423, 0x306},
    {0x419, 0x418, 0x306},
    {0x439, 0x438, 0x306},
    {0x450, 0x435, 0x300},
    {0x451, 0x435, 0x308},
    {0x453, 0x433, 0x301},
    {0x457, 0x456, 0x308},
    {0x45C, 0x43A, 0x301},
    {0x45D, 0x438, 0x300},
    {0x45E, 0x443, 0x306},
    {0x476, 0x474, 0x30F},
    {0x477, 0x475, 0x30F},
    {0x4C1, 0x416, 0x306},
    {0x4C2, 0x436, 0x306},
    {0x4D0, 0x410, 0x306},
    {0x4D1, 0x430, 0x306},
    {0x4D2, 0x410, 0x308},
    {0x4D3, 0x430, 0x308},
    {0x4D6, 0x415, 0x306},
    {0x4D7, 0x435, 0x306},
    {0x4DA, 0x4D8, 0x308},
    {0x4DB, 0x4D9, 0x308},
    {0x4DC, 0x416, 0x308},
    {0x4DD, 0x436, 0x308},
    {0x4DE, 0x417, 0x308},
    {0x4DF, 0x437, 0x308},
    {0x4E2, 0x418, 0x304},
    {0x4E3, 0x438, 0x304},
    {0x4E4, 0x418, 0x308},
    {0x4E5, 0x438, 0x308},
    {0x4E6, 0x41E, 0x308},
    {0x4E7, 0x43E, 0x308},
    {0x4EA, 0x4E8, 0x308},
    {0x4EB, 0x4E9, 0x308},
    {0x4EC, 0x42D, 0x308},
    {0x4ED, 0x44D, 0x308},
    {0x4EE, 0x423, 0x304},
    {0x4EF, 0x443, 0x304},
    {0x4F0, 0x423, 0x308},
    {0x4F1, 0x443, 0x308},
    {0x4F2, 0x423, 0x30B},
    {0x4F3, 0x443, 0x30B},
    {0x4F4, 0x427, 0x308},
    {0x4F5, 0x447, 0x308},
    {0x4F8, 0x42B, 0x308},
    {0x4F9, 0x44B, 0x308},
    {0x622, 0x627, 0x653},
    {0x623, 0x627, 0x654},
    {0x624, 0x648, 0x654},
    {0x625, 0x627, 0x655},
    {0x626, 0x64A, 0x654},
    {0x6C0, 0x6D5, 0x654},
    {0x6C2, 0x6C1, 0x654},
    {0x6D3, 0x6D2, 0x654},
    {0x929, 0x928, 0x93C},
    {0x931, 0x930, 0x93C},
    {0x934, 0x933, 0x93C},
    {0x958, 0x915, 0x93C},
    {0x959, 0x916, 0x93C},
    {0x95A, 0x917, 0x93C},
    {0x95B, 0x91C, 0x93C},
    {0x95C, 0x921, 0x93C},
    {0x95D, 0x922, 0x93C},
    {0x95E, 0x92B, 0x93C},
    {0x95F, 0x92F, 0x93C},
    {0x9CB, 0x9C7, 0x9BE},
    {0x9CC, 0x9C7, 0x9D7},
    {0x9DC, 0x9A1, 0x9BC},
    {0x9DD, 0x9A2, 0x9BC},
    {0x9DF, 0x9AF, 0x9BC},
    {0xA33, 0xA32, 0xA3C},
    {0xA36, 0xA38, 0xA3C},
    {0xA59, 0xA16, 0xA3C},
    {0xA5A, 0xA17, 0xA3C},
    {0xA5B, 0xA1C, 0xA3C},
    {0xA5E, 0xA2B, 0xA3C},
    {0xB48, 0xB47, 0xB56},
    {0xB4B, 0xB47, 0xB3E},
    {0xB4C, 0xB47, 0xB57},
    {0xB5C, 0xB21, 0xB3C},
    {0xB5D, 0xB22, 0xB3C},
    {0xB94, 0xB92, 0xBD7},
    {0xBCA, 0xBC6, 0xBBE},
    {0xBCB, 0xBC7, 0xBBE},
    {0xBCC, 0xBC6, 0xBD7},
    {0xC48, 0xC46, 0xC56},
    {0xCC0, 0xCBF, 0xCD5},
    {0xCC7, 0xCC6, 0xCD5},
    {0xCC8, 0xCC6, 0xCD6},
    {0xCCA, 0xCC6, 0xCC2},
    {0xCCB, 0xCCA, 0xCD5},
    {0xD4A, 0xD46, 0xD3E},
    {0xD4B, 0xD47, 0xD3E},
    {0xD4C, 0xD46, 0xD57},
    {0xDDA, 0xDD9, 0xDCA},
    {0xDDC, 0xDD9, 0xDCF},
    {0xDDD, 0xDDC, 0xDCA},
    {0xDDE, 0xDD9, 0xDDF},
    {0xF43, 0xF42, 0xFB7},
    {0xF4D, 0xF4C, 0xFB7},
    {0xF52, 0xF51, 0xFB7},
    {0xF57, 0xF56, 0xFB7},
    {0xF5C, 0xF5B, 0xFB7},
    {0xF69, 0xF40, 0xFB5},
    {0xF73, 0xF71, 0xF72},
    {0xF75, 0xF71, 0xF74},
    {0xF76, 0xFB2, 0xF80},
    {0xF78, 0xFB3, 0xF80},
    {0xF81, 0xF71, 0xF80},
    {0xF93, 0xF92, 0xFB7},
    {0xF9D, 0xF9C, 0xFB7},
    {0xFA2, 0xFA1, 0xFB7},
    {0xFA7, 0xFA6, 0xFB7},
    {0xFAC, 0xFAB, 0xFB7},
    {0xFB9, 0xF90, 0xFB5},
    {0x1026, 0x1025, 0x102E},
    {0x1B06, 0x1B05, 0x1B35},
    {0x1B08, 0x1B07, 0x1B35},
    {0x1B0A, 0x1B09, 0x1B35},
    {0x1B0C, 0x1B0B, 0x1B35},
    {0x1B0E, 0x1B0D, 0x1B35},
    {0x1B12, 0x1B11, 0x1B35},
    {0x1B3B, 0x1B3A, 0x1B35},
    {0x1B3D, 0x1B3C, 0x1B35},
    {0x1B40, 0x1B3E, 0x1B35},
    {0x1B41, 0x1B3F, 0x1B35},
    {0x1B43, 0x1B42, 0x1B35},
    {0x1E00, 0x41, 0x325},
    {0x1E01, 0x61, 0x325},
    {0x1E02, 0x42, 0x307},
    {0x1E03, 0x62, 0x307},
    {0x1E04, 0x42, 0x323},
    {0x1E05, 0x62, 0x323},
    {0x1E06, 0x42, 0x331},
    {0x1E07, 0x62, 0x331},
    {0x1E08, 0xC7, 0x301},
    {0x1E09, 0xE7, 0x301},
    {0x1E0A, 0x44, 0x307},
    {0x1E0B, 0x64, 0x307},
    {0x1E0C, 0x44, 0x323},
    {0x1E0D, 0x64, 0x323},
    {0x1E0E, 0x44, 0x331},
    {0x1E0F, 0x64, 0x331},
    {0x1E10, 0x44, 0x327},
    {0x1E11, 0x64, 0x327},
    {0x1E12, 0x44, 0x32D},
    {0x1E13, 0x64, 0x32D},
    {0x1E14, 0x112, 0x300},
    {0x1E15, 0x113, 0x300},
    {0x1E16, 0x112, 0x301},
    {0x1E17, 0x113, 0x301},
    {0x1E18, 0x45, 0x32D},
    {0x1E19, 0x65, 0x32D},
    {0x1E1A, 0x45, 0x330},
    {0x1E1B, 0x65, 0x330},
    {0x1E1C, 0x228, 0x306},
    {0x1E1D, 0x229, 0x306},
    {0x1E1E, 0x46, 0x307},
    {0x1E1F, 0x66, 0x307},
    {0x1E20, 0x47, 0x304},
    {0x1E21, 0x67, 0x304},
    {0x1E22, 0x48, 0x307},
    {0x1E23, 0x68, 0x307},
    {0x1E24, 0x48, 0x323},
    {0x1E25, 0x68, 0x323},
    {0x1E26, 0x48, 0x308},
    {0x1E27, 0x68, 0x308},
    {0x1E28, 0x48, 0x327},
    {0x1E29, 0x68, 0x327},
    {0x1E2A, 0x48, 0x32E},
    {0x1E2B, 0x68, 0x32E},
    {0x1E2C, 0x49, 0x330},
    {0x1E2D, 0x69, 0x330},
    {0x1E2E, 0xCF, 0x301},
    {0x1E2F, 0xEF, 0x301},
    {0x1E30, 0x4B, 0x301},
    {0x1E31, 0x6B, 0x301},
    {0x1E32, 0x4B, 0x323},
    {0x1E33, 0x6B, 0x323},
    {0x1E34, 0x4B, 0x331},
    {0x1E35, 0x6B, 0x331},
    {0x1E36, 0x4C, 0x323},
    {0x1E37, 0x6C, 0x323},
    {0x1E38, 0x1E36, 0x304},
    {0x1E39, 0x1E37, 0x304},
    {0x1E3A, 0x4C, 0x331},
    {0x1E3B, 0x6C, 0x331},
    {0x1E3C, 0x4C, 0x32D},
    {0x1E3D, 0x6C, 0x32D},
    {0x1E3E, 0x4D, 0x301},
    {0x1E3F, 0x6D, 0x301},
    {0x1E40, 0x4D, 0x307},
    {0x1E41, 0x6D, 0x307},
    {0x1E42, 0x4D, 0x323},
    {0x1E43, 0x6D, 0x323},
    {0x1E44, 0x4E, 0x307},
    {0x1E45, 0x6E, 0x307},
    {0x1E46, 0x4E, 0x323},
    {0x1E47, 0x6E, 0x323},
    {0x1E48, 0x4E, 0x331},
    {0x1E49, 0x6E, 0x331},
    {0x1E4A, 0x4E, 0x32D},
    {0x1E4B, 0x6E, 0x32D},
    {0x1E4C, 0xD5, 0x301},
    {0x1E4D, 0xF5, 0x301},
    {0x1E4E, 0xD5, 0x308},
    {0x1E4F, 0xF5, 0x308},
    {0x1E50, 0x14C, 0x300},
    {0x1E51, 0x14D, 0x300},
    {0x1E52, 0x14C, 0x301},
    {0x1E53, 0x14D, 0x301},
    {0x1E54, 0x50, 0x301},
    {0x1E55, 0x70, 0x301},
    {0x1E56, 0x50, 0x307},
    {0x1E57, 0x70, 0x307},
    {0x1E58, 0x52, 0x307},
    {0x1E59, 0x72, 0x307},
    {0x1E5A, 0x52, 0x323},
    {0x1E5B, 0x72, 0x323},
    {0x1E5C, 0x1E5A, 0x304},
    {0x1E5D, 0x1E5B, 0x304},
    {0x1E5E, 0x52, 0x331},
    {0x1E5F, 0x72, 0x331},
    {0x1E60, 0x53, 0x307},
    {0x1E61, 0x73, 0x307},
    {0x1E62, 0x53, 0x323},
    {0x1E63, 0x73, 0x323},
    {0x1E64, 0x15A, 0x307},
    {0x1E65, 0x15B, 0x307},
    {0x1E66, 0x160, 0x307},
    {0x1E67, 0x161, 0x307},
    {0x1E68, 0x1E62, 0x307},
    {0x1E69, 0x1E63, 0x307},
    {0x1E6A, 0x54, 0x307},
    {0x1E6B, 0x74, 0x307},
    {0x1E6C, 0x54, 0x323},
    {0x1E6D, 0x74, 0x323},
    {0x1E6E, 0x54, 0x331},
    {0x1E6F, 0x74, 0x331},
    {0x1E70, 0x54, 0x32D},
    {0x1E71, 0x74, 0x32D},
    {0x1E72, 0x55, 0x324},
    {0x1E73, 0x75, 0x324},
    {0x1E74, 0x55, 0x330},
    {0x1E75, 0x75, 0x330},
    {0x1E76, 0x55, 0x32D},
    {0x1E77, 0x75, 0x32D},
    {0x1E78, 0x168, 0x301},
    {0x1E79, 0x169, 0x301},
    {0x1E7A, 0x16A, 0x308},
    {0x1E7B, 0x16B, 0x308},
    {0x1E7C, 0x56, 0x303},
    {0x1E7D, 0x76, 0x303},
    {0x1E7E, 0x56, 0x323},
    {0x1E7F, 0x76, 0x323},
    {0x1E80, 0x57, 0x300},
    {0x1E81, 0x77, 0x300},
    {0x1E82, 0x57, 0x301},
    {0x1E83, 0x77, 0x301},
    {0x1E84, 0x57, 0x308},
    {0x1E85, 0x77, 0x308},
    {0x1E86, 0x57, 0x307},
    {0x1E87, 0x77, 0x307},
    {0x1E88, 0x57, 0x323},
    {0x1E89, 0x77, 0x323},
    {0x1E8A, 0x58, 0x307},
    {0x1E8B, 0x78, 0x307},
    {0x1E8C, 0x58, 0x308},
    {0x1E8D, 0x78, 0x308},
    {0x1E8E, 0x59, 0x307},
    {0x1E8F, 0x79, 0x307},
    {0x1E90, 0x5A, 0x302},
    {0x1E91, 0x7A, 0x302},
    {0x1E92, 0x5A, 0x323},
    {0x1E93, 0x7A, 0x323},
    {0x1E94, 0x5A, 0x331},
    {0x1E95, 0x7A, 0x331},
    {0x1E96, 0x68, 0x331},
    {0x1E97, 0x74, 0x308},
    {0x1E98, 0x77, 0x30A},
    {0x1E99, 0x79, 0x30A},
    {0x1E9B, 0x17F, 0x307},
    {0x1EA0, 0x41, 0x323},
    {0x1EA1, 0x61, 0x323},
    {0x1EA2, 0x41, 0x309},
    {0x1EA3, 0x61, 0x309},
    {0x1EA4, 0xC2, 0x301},
    {0x1EA5, 0xE2, 0x301},
    {0x1EA6, 0xC2, 0x300},
    {0x1EA7, 0xE2, 0x300},
    {0x1EA8, 0xC2, 0x309},
    {0x1EA9, 0xE2, 0x309},
    {0x1EAA, 0xC2, 0x303},
    {0x1EAB, 0xE2, 0x303},
    {0x1EAC, 0x1EA0, 0x302},
    {0x1EAD, 0x1EA1, 0x302},
    {0x1EAE, 0x102, 0x301},
    {0x1EAF, 0x103, 0x301},
    {0x1EB0, 0x102, 0x300},
    {0x1EB1, 0x103, 0x300},
    {0x1EB2, 0x102, 0x309},
    {0x1EB3, 0x103, 0x309},
    {0x1EB4, 0x102, 0x303},
    {0x1EB5, 0x103, 0x303},
    {0x1EB6, 0x1EA0, 0x306},
    {0x1EB7, 0x1EA1, 0x306},
    {0x1EB8, 0x45, 0x323},
    {0x1EB9, 0x65, 0x323},
    {0x1EBA, 0x45, 0x309},
    {0x1EBB, 0x65, 0x309},
    {0x1EBC, 0x45, 0x303},
    {0x1EBD, 0x65, 0x303},
    {0x1EBE, 0xCA, 0x301},
    {0x1EBF, 0xEA, 0x301},
    {0x1EC0, 0xCA, 0x300},
    {0x1EC1, 0xEA, 0x300},
    {0x1EC2, 0xCA, 0x309},
    {0x1EC3, 0xEA, 0x309},
    {0x1EC4, 0xCA, 0x303},
    {0x1EC5, 0xEA, 0x303},
    {0x1EC6, 0x1EB8, 0x302},
    {0x1EC7, 0x1EB9, 0x302},
    {0x1EC8, 0x49, 0x309},
    {0x1EC9, 0x69, 0x309},
    {0x1ECA, 0x49, 0x323},
    {0x1ECB, 0x69, 0x323},
    {0x1ECC, 0x4F, 0x323},
    {0x1ECD, 0x6F, 0x323},
    {0x1ECE, 0x4F, 0x309},
    {0x1ECF, 0x6F, 0x309},
    {0x1ED0, 0xD4, 0x301},
    {0x1ED1, 0xF4, 0x301},
    {0x1ED2, 0xD4, 0x300},
    {0x1ED3, 0xF4, 0x300},
    {0x1ED4, 0xD4, 0x309},
    {0x1ED5, 0xF4, 0x309},
    {0x1ED6, 0xD4, 0x303},
    {0x1ED7, 0xF4, 0x303},
    {0x1ED8, 0x1ECC, 0x302},
    {0x1ED9, 0x1ECD, 0x302},
    {0x1EDA, 0x1A0, 0x301},
    {0x1EDB, 0x1A1, 0x301},
    {0x1EDC, 0x1A0, 0x300},
    {0x1EDD, 0x1A1, 0x300},
    {0x1EDE, 0x1A0, 0x309},
    {0x1EDF, 0x1A1, 0x309},
    {0x1EE0, 0x1A0, 0x303},
    {0x1EE1, 0x1A1, 0x303},
    {0x1EE2, 0x1A0, 0x323},
    {0x1EE3, 0x1A1, 0x323},
    {0x1EE4, 0x55, 0x323},
    {0x1EE5, 0x75, 0x323},
    {0x1EE6, 0x55, 0x309},
    {0x1EE7, 0x75, 0x309},
    {0x1EE8, 0x1AF, 0x301},
    {0x1EE9, 0x1B0, 0x301},
    {0x1EEA, 0x1AF, 0x300},
    {0x1EEB, 0x1B0, 0x300},
    {0x1EEC, 0x1AF, 0x309},
    {0x1EED, 0x1B0, 0x309},
    {0x1EEE, 0x1AF, 0x303},
    {0x1EEF, 0x1B0, 0x303},
    {0x1EF0, 0x1AF, 0x323},
    {0x1EF1, 0x1B0, 0x323},
    {0x1EF2, 0x59, 0x300},
    {0x1EF3, 0x79, 0x300},
    {0x1EF4, 0x59, 0x323},
    {0x1EF5, 0x79, 0x323},
    {0x1EF6, 0x59, 0x309},
    {0x1EF7, 0x79, 0x309},
    {0x1EF8, 0x59, 0x303},
    {0x1EF9, 0x79, 0x303},
    {0x1F00, 0x3B1, 0x313},
    {0x1F01, 0x3B1, 0x314},
    {0x1F02, 0x1F00, 0x300},
    {0x1F03, 0x1F01, 0x300},
    {0x1F04, 0x1F00, 0x301},
    {0x1F05, 0x1F01, 0x301},
    {0x1F06, 0x1F00, 0x342},
    {0x1F07, 0x1F01, 0x342},
    {0x1F08, 0x391, 0x313},
    {0x1F09, 0x391, 0x314},
    {0x1F0A, 0x1F08, 0x300},
    {0x1F0B, 0x1F09, 0x300},
    {0x1F0C, 0x1F08, 0x301},
    {0x1F0D, 0x1F09, 0x301},
    {0x1F0E, 0x1F08, 0x342},
    {0x1F0F, 0x1F09, 0x342},
    {0x1F10, 0x3B5, 0x313},
    {0x1F11, 0x3B5, 0x314},
    {0x1F12, 0x1F10, 0x300},
    {0x1F13, 0x1F11, 0x300},
    {0x1F14, 0x1F10, 0x301},
    {0x1F15, 0x1F11, 0x301},
    {0x1F18, 0x395, 0x313},
    {0x1F19, 0x395, 0x314},
    {0x1F1A, 0x1F18, 0x300},
    {0x1F1B, 0x1F19, 0x300},
    {0x1F1C, 0x1F18, 0x301},
    {0x1F1D, 0x1F19, 0x301},
    {0x1F20, 0x3B7, 0x313},
    {0x1F21, 0x3B7, 0x314},
    {0x1F22, 0x1F20, 0x300},
    {0x1F23, 0x1F21, 0x300},
    {0x1F24, 0x1F20, 0x301},
    {0x1F25, 0x1F21, 0x301},
    {0x1F26, 0x1F20, 0x342},
    {0x1F27, 0x1F21, 0x342},
    {0x1F28, 0x397, 0x313},
    {0x1F29, 0x397, 0x314},
    {0x1F2A, 0x1F28, 0x300},
    {0x1F2B, 0x1F29, 0x300},
    {0x1F2C, 0x1F28, 0x301},
    {0x1F2D, 0x1F29, 0x301},
    {0x1F2E, 0x1F28, 0x342},
    {0x1F2F, 0x1F29, 0x342},
    {0x1F30, 0x3B9, 0x313},
    {0x1F31, 0x3B9, 0x314},
    {0x1F32, 0x1F30, 0x300},
    {0x1F33, 0x1F31, 0x300},
    {0x1F34, 0x1F30, 0x301},
    {0x1F35, 0x1F31, 0x301},
    {0x1F36, 0x1F30, 0x342},
    {0x1F37, 0x1F31, 0x342},
    {0x1F38, 0x399, 0x313},
    {0x1F39, 0x399, 0x314},
    {0x1F3A, 0x1F38, 0x300},
    {0x1F3B, 0x1F39, 0x300},
    {0x1F3C, 0x1F38, 0x301},
    {0x1F3D, 0x1F39, 0x301},
    {0x1F3E, 0x1F38, 0x342},
    {0x1F3F, 0x1F39, 0x342},
    {0x1F40, 0x3BF, 0x313},
    {0x1F41, 0x3BF, 0x314},
    {0x1F42, 0x1F40, 0x300},
    {0x1F43, 0x1F41, 0x300},
    {0x1F44, 0x1F40, 0x301},
    {0x1F45, 0x1F41, 0x301},
    {0x1F48, 0x39F, 0x313},
    {0x1F49, 0x39F, 0x314},
    {0x1F4A, 0x1F48, 0x300},
    {0x1F4B, 0x1F49, 0x300},
    {0x1F4C, 0x1F48, 0x301},
    {0x1F4D, 0x1F49, 0x301},
    {0x1F50, 0x3C5, 0x313},
    {0x1F51, 0x3C5, 0x314},
    {0x1F52, 0x1F50, 0x300},
    {0x1F53, 0x1F51, 0x300},
    {0x1F54, 0x1F50, 0x301},
    {0x1F55, 0x1F51, 0x301},
    {0x1F56, 0x1F50, 0x342},
    {0x1F57, 0x1F51, 0x342},
    {0x1F59, 0x3A5, 0x314},
    {0x1F5B, 0x1F59, 0x300},
    {0x1F5D, 0x1F59, 0x301},
    {0x1F5F, 0x1F59, 0x342},
    {0x1F60, 0x3C9, 0x313},
    {0x1F61, 0x3C9, 0x314},
    {0x1F62, 0x1F60, 0x300},
    {0x1F63, 0x1F61, 0x300},
    {0x1F64, 0x1F60, 0x301},
    {0x1F65, 0x1F61, 0x301},
    {0x1F66, 0x1F60, 0x342},
    {0x1F67, 0x1F61, 0x342},
    {0x1F68, 0x3A9, 0x313},
    {0x1F69, 0x3A9, 0x314},
    {0x1F6A, 0x1F68, 0x300},
    {0x1F6B, 0x1F69, 0x300},
    {0x1F6C, 0x1F68, 0x301},
    {0x1F6D, 0x1F69, 0x301},
    {0x1F6E, 0x1F68, 0x342},
    {0x1F6F, 0x1F69, 0x342},
    {0x1F70, 0x3B1, 0x300},
    {0x1F71, 0x3AC, 0x0},
    {0x1F72, 0x3B5, 0x300},
    {0x1F73, 0x3AD, 0x0},
    {0x1F74, 0x3B7, 0x300},
    {0x1F75, 0x3AE, 0x0},
    {0x1F76, 0x3B9, 0x300},
    {0x1F77, 0x3AF, 0x0},
    {0x1F78, 0x3BF, 0x300},
    {0x1F79, 0x3CC, 0x0},
    {0x1F7A, 0x3C5, 0x300},
    {0x1F7B, 0x3CD, 0x0},
    {0x1F7C, 0x3C9, 0x300},
    {0x1F7D, 0x3CE, 0x0},
    {0x1F80, 0x1F00, 0x345},
    {0x1F81, 0x1F01, 0x345},
    {0x1F82, 0x1F02, 0x345},
    {0x1F83, 0x1F03, 0x345},
    {0x1F84, 0x1F04, 0x345},
    {0x1F85, 0x1F05, 0x345},
    {0x1F86, 0x1F06, 0x345},
    {0x1F87, 0x1F07, 0x345},
    {0x1F88, 0x1F08, 0x345},
    {0x1F89, 0x1F09, 0x345},
    {0x1F8A, 0x1F0A, 0x345},
    {0x1F8B, 0x1F0B, 0x345},
    {0x1F8C, 0x1F0C, 0x345},
    {0x1F8D, 0x1F0D, 0x345},
    {0x1F8E, 0x1F0E, 0x345},
    {0x1F8F, 0x1F0F, 0x345},
    {0x1F90, 0x1F20, 0x345},
    {0x1F91, 0x1F21, 0x345},
    {0x1F92, 0x1F22, 0x345},
    {0x1F93, 0x1F23, 0x345},
    {0x1F94, 0x1F24, 0x345},
    {0x1F95, 0x1F25, 0x345},
    {0x1F96, 0x1F26, 0x345},
    {0x1F97, 0x1F27, 0x345},
    {0x1F98, 0x1F28, 0x345},
    {0x1F99, 0x1F29, 0x345},
    {0x1F9A, 0x1F2A, 0x345},
    {0x1F9B, 0x1F2B, 0x345},
    {0x1F9C, 0x1F2C, 0x345},
    {0x1F9D, 0x1F2D, 0x345},
    {0x1F9E, 0x1F2E, 0x345},
    {0x1F9F, 0x1F2F, 0x345},
    {0x1FA0, 0x1F60, 0x345},
    {0x1FA1, 0x1F61, 0x345},
    {0x1FA2, 0x1F62, 0x345},
    {0x1FA3, 0x1F63, 0x345},
    {0x1FA4, 0x1F64, 0x345},
    {0x1FA5, 0x1F65, 0x345},
    {0x1FA6, 0x1F66, 0x345},
    {0x1FA7, 0x1F67, 0x345},
    {0x1FA8, 0x1F68, 0x345},
    {0x1FA9, 0x1F69, 0x345},
    {0x1FAA, 0x1F6A, 0x345},
    {0x1FAB, 0x1F6B, 0x345},
    {0x1FAC, 0x1F6C, 0x345},
    {0x1FAD, 0x1F6D, 0x345},
    {0x1FAE, 0x1F6E, 0x345},
    {0x1FAF, 0x1F6F, 0x345},
    {0x1FB0, 0x3B1, 0x306},
    {0x1FB1, 0x3B1, 0x304},
    {0x1FB2, 0x1F70, 0x345},
    {0x1FB3, 0x3B1, 0x345},
    {0x1FB4, 0x3AC, 0x345},
    {0x1FB6, 0x3B1, 0x342},
    {0x1FB7, 0x1FB6, 0x345},
    {0x1FB8, 0x391, 0x306},
    {0x1FB9, 0x391, 0x304},
    {0x1FBA, 0x391, 0x300},
    {0x1FBB, 0x386, 0x0},
    {0x1FBC, 0x391, 0x345},
    {0x1FBE, 0x3B9, 0x0},
    {0x1FC1, 0xA8, 0x342},
    {0x1FC2, 0x1F74, 0x345},
    {0x1FC3, 0x3B7, 0x345},
    {0x1FC4, 0x3AE, 0x345},
    {0x1FC6, 0x3B7, 0x342},
    {0x1FC7, 0x1FC6, 0x345},
    {0x1FC8, 0x395, 0x300},
    {0x1FC9, 0x388, 0x0},
    {0x1FCA, 0x397, 0x300},
    {0x1FCB, 0x389, 0x0},
    {0x1FCC, 0x397, 0x345},
    {0x1FCD, 0x1FBF, 0x300},
    {0x1FCE, 0x1FBF, 0x301},
    {0x1FCF, 0x1FBF, 0x342},
    {0x1FD0, 0x3B9, 0x306},
    {0x1FD1, 0x3B9, 0x304},
    {0x1FD2, 0x3CA, 0x300},
    {0x1FD3, 0x390, 0x0},
    {0x1FD6, 0x3B9, 0x342},
    {0x1FD7, 0x3CA, 0x342},
    {0x1FD8, 0x399, 0x306},
    {0x1FD9, 0x399, 0x304},
    {0x1FDA, 0x399, 0x300},
    {0x1FDB, 0x38A, 0x0},
    {0x1FDD, 0x1FFE, 0x300},
    {0x1FDE, 0x1FFE, 0x301},
    {0x1FDF, 0x1FFE, 0x342},
    {0x1FE0, 0x3C5, 0x306},
    {0x1FE1, 0x3C5, 0x304},
    {0x1FE2, 0x3CB, 0x300},
    {0x1FE3, 0x3B0, 0x0},
    {0x1FE4, 0x3C1, 0x313},
    {0x1FE5, 0x3C1, 0x314},
    {0x1FE6, 0x3C5, 0x342},
    {0x1FE7, 0x3CB, 0x342},
    {0x1FE8, 0x3A5, 0x306},
    {0x1FE9, 0x3A5, 0x304},
    {0x1FEA, 0x3A5, 0x300},
    {0x1FEB, 0x38E, 0x0},
    {0x1FEC, 0x3A1, 0x314},
    {0x1FED, 0xA8, 0x300},
    {0x1FEE, 0x385, 0x0},
    {0x1FEF, 0x60, 0x0},
    {0x1FF2, 0x1F7C, 0x345},
    {0x1FF3, 0x3C9, 0x345},
    {0x1FF4, 0x3CE, 0x345},
    {0x1FF6, 0x3C9, 0x342},
    {0x1FF7, 0x1FF6, 0x345},
    {0x1FF8, 0x39F, 0x300},
    {0x1FF9, 0x38C, 0x0},
    {0x1FFA, 0x3A9, 0x300},
    {0x1FFB, 0x38F, 0x0},
    {0x1FFC, 0x3A9, 0x345},
    {0x1FFD, 0xB4, 0x0},
    {0x2000, 0x2002, 0x0},
    {0x2001, 0x2003, 0x0},
    {0x2126, 0x3A9, 0x0},
    {0x212A, 0x4B, 0x0},
    {0x212B, 0xC5, 0x0},
    {0x219A, 0x2190, 0x338},
    {0x219B, 0x2192, 0x338},
    {0x21AE, 0x2194, 0x338},
    {0x21CD, 0x21D0, 0x338},
    {0x21CE, 0x21D4, 0x338},
    {0x21CF, 0x21D2, 0x338},
    {0x2204, 0x2203, 0x338},
    {0x2209, 0x2208, 0x338},
    {0x220C, 0x220B, 0x338},
    {0x2224, 0x2223, 0x338},
    {0x2226, 0x2225, 0x338},
    {0x2241, 0x223C, 0x338},
    {0x2244, 0x2243, 0x338},
    {0x2247, 0x2245, 0x338},
    {0x2249, 0x2248, 0x338},
    {0x2260, 0x3D, 0x338},
    {0x2262, 0x2261, 0x338},
    {0x226D, 0x224D, 0x338},
    {0x226E, 0x3C, 0x338},
    {0x226F, 0x3E, 0x338},
    {0x2270, 0x2264, 0x338},
    {0x2271, 0x2265, 0x338},
    {0x2274, 0x2272, 0x338},
    {0x2275, 0x2273, 0x338},
    {0x2278, 0x2276, 0x338},
    {0x2279, 0x2277, 0x338},
    {0x2280, 0x227A, 0x338},
    {0x2281, 0x227B, 0x338},
    {0x2284, 0x2282, 0x338},
    {0x2285, 0x2283, 0x338},
    {0x2288, 0x2286, 0x338},
    {0x2289, 0x2287, 0x338},
    {0x22AC, 0x22A2, 0x338},
    {0x22AD, 0x22A8, 0x338},
    {0x22AE, 0x22A9, 0x338},
    {0x22AF, 0x22AB, 0x338},
    {0x22E0, 0x227C, 0x338},
    {0x22E1, 0x227D, 0x338},
    {0x22E2, 0x2291, 0x338},
    {0x22E3, 0x2292, 0x338},
    {0x22EA, 0x22B2, 0x338},
    {0x22EB, 0x22B3, 0x338},
    {0x22EC, 0x22B4, 0x338},
    {0x22ED, 0x22B5, 0x338},
    {0x2329, 0x3008, 0x0},
    {0x232A, 0x3009, 0x0},
    {0x2ADC, 0x2ADD, 0x338},
    {0x304C, 0x304B, 0x3099},
    {0x304E, 0x304D, 0x3099},
    {0x3050, 0x304F, 0x3099},
    {0x3052, 0x3051, 0x3099},
    {0x3054, 0x3053, 0x3099},
    {0x3056, 0x3055, 0x3099},
    {0x3058, 0x3057, 0x3099},
    {0x305A, 0x3059, 0x3099},
    {0x305C, 0x305B, 0x3099},
    {0x305E, 0x305D, 0x3099},
    {0x3060, 0x305F, 0x3099},
    {0x3062, 0x3061, 0x3099},
    {0x3065, 0x3064, 0x3099},
    {0x3067, 0x3066, 0x3099},
    {0x3069, 0x3068, 0x3099},
    {0x3070, 0x306F, 0x3099},
    {0x3071, 0x306F, 0x309A},
    {0x3073, 0x3072, 0x3099},
    {0x3074, 0x3072, 0x309A},
    {0x3076, 0x3075, 0x3099},
    {0x3077, 0x3075, 0x309A},
    {0x3079, 0x3078, 0x3099},
    {0x307A, 0x3078, 0x309A},
    {0x307C, 0x307B, 0x3099},
    {0x307D, 0x307B, 0x309A},
    {0x3094, 0x3046, 0x3099},
    {0x309E, 0x309D, 0x3099},
    {0x30AC, 0x30AB, 0x3099},
    {0x30AE, 0x30AD, 0x3099},
    {0x30B0, 0x30AF, 0x3099},
    {0x30B2, 0x30B1, 0x3099},
    {0x30B4, 0x30B3, 0x3099},
    {0x30B6, 0x30B5, 0x3099},
    {0x30B8, 0x30B7, 0x3099},
    {0x30BA, 0x30B9, 0x3099},
    {0x30BC, 0x30BB, 0x3099},
    {0x30BE, 0x30BD, 0x3099},
    {0x30C0, 0x30BF, 0x3099},
    {0x30C2, 0x30C1, 0x3099},
    {0x30C5, 0x30C4, 0x3099},
    {0x30C7, 0x30C6, 0x3099},
    {0x30C9, 0x30C8, 0x3099},
    {0x30D0, 0x30CF, 0x3099},
    {0x30D1, 0x30CF, 0x309A},
    {0x30D3, 0x30D2, 0x3099},
    {0x30D4, 0x30D2, 0x309A},
    {0x30D6, 0x30D5, 0x3099},
    {0x30D7, 0x30D5, 0x309A},
    {0x30D9, 0x30D8, 0x3099},
    {0x30DA, 0x30D8, 0x309A},
    {0x30DC, 0x30DB, 0x3099},
    {0x30DD, 0x30DB, 0x309A},
    {0x30F4, 0x30A6, 0x3099},
    {0x30F7, 0x30EF, 0x3099},
    {0x30F8, 0x30F0, 0x3099},
    {0x30F9, 0x30F1, 0x3099},
    {0x30FA, 0x30F2, 0x3099},
    {0x30FE, 0x30FD, 0x3099},
    {0xF900, 0x8C48, 0x0},
    {0xF901, 0x66F4, 0x0},
    {0xF902, 0x8ECA, 0x0},
    {0xF903, 0x8CC8, 0x0},
    {0xF904, 0x6ED1, 0x0},
    {0xF905, 0x4E32, 0x0},
    {0xF906, 0x53E5, 0x0},
    {0xF907, 0x9F9C, 0x0},
    {0xF908, 0x9F9C, 0x0},
    {0xF909, 0x5951, 0x0},
    {0xF90A, 0x91D1, 0x0},
    {0xF90B, 0x5587, 0x0},
    {0xF90C, 0x5948, 0x0},
    {0xF90D, 0x61F6, 0x0},
    {0xF90E, 0x7669, 0x0},
    {0xF90F, 0x7F85, 0x0},
    {0xF910, 0x863F, 0x0},
    {0xF911, 0x87BA, 0x0},
    {0xF912, 0x88F8, 0x0},
    {0xF913, 0x908F, 0x0},
    {0xF914, 0x6A02, 0x0},
    {0xF915, 0x6D1B, 0x0},
    {0xF916, 0x70D9, 0x0},
    {0xF917, 0x73DE, 0x0},
    {0xF918, 0x843D, 0x0},
    {0xF919, 0x916A, 0x0},
    {0xF91A, 0x99F1, 0x0},
    {0xF91B, 0x4E82, 0x0},
    {0xF91C, 0x5375, 0x0},
    {0xF91D, 0x6B04, 0x0},
    {0xF91E, 0x721B, 0x0},
    {0xF91F, 0x862D, 0x0},
    {0xF920, 0x9E1E, 0x0},
    {0xF921, 0x5D50, 0x0},
    {0xF922, 0x6FEB, 0x0},
    {0xF923, 0x85CD, 0x0},
    {0xF924, 0x8964, 0x0},
    {0xF925, 0x62C9, 0x0},
    {0xF926, 0x81D8, 0x0},
    {0xF927, 0x881F, 0x0},
    {0xF928, 0x5ECA, 0x0},
    {0xF929, 0x6717, 0x0},
    {0xF92A, 0x6D6A, 0x0},
    {0xF92B, 0x72FC, 0x0},
    {0xF92C, 0x90CE, 0x0},
    {0xF92D, 0x4F86, 0x0},
    {0xF92E, 0x51B7, 0x0},
    {0xF92F, 0x52DE, 0x0},
    {0xF930, 0x64C4, 0x0},
    {0xF931, 0x6AD3, 0x0},
    {0xF932, 0x7210, 0x0},
    {0xF933, 0x76E7, 0x0},
    {0xF934, 0x8001, 0x0},
    {0xF935, 0x8606, 0x0},
    {0xF936, 0x865C, 0x0},
    {0xF937, 0x8DEF, 0x0},
    {0xF938, 0x9732, 0x0},
    {0xF939, 0x9B6F, 0x0},
    {0xF93A, 0x9DFA, 0x0},
    {0xF93B, 0x788C, 0x0},
    {0xF93C, 0x797F, 0x0},
    {0xF93D, 0x7DA0, 0x0},
    {0xF93E, 0x83C9, 0x0},
    {0xF93F, 0x9304, 0x0},
    {0xF940, 0x9E7F, 0x0},
    {0xF941, 0x8AD6, 0x0},
    {0xF942, 0x58DF, 0x0},
    {0xF943, 0x5F04, 0x0},
    {0xF944, 0x7C60, 0x0},
    {0xF945, 0x807E, 0x0},
    {0xF946, 0x7262, 0x0},
    {0xF947, 0x78CA, 0x0},
    {0xF948, 0x8CC2, 0x0},
    {0xF949, 0x96F7, 0x0},
    {0xF94A, 0x58D8, 0x0},
    {0xF94B, 0x5C62, 0x0},
    {0xF94C, 0x6A13, 0x0},
    {0xF94D, 0x6DDA, 0x0},
    {0xF94E, 0x6F0F, 0x0},
    {0xF94F, 0x7D2F, 0x0},
    {0xF950, 0x7E37, 0x0},
    {0xF951, 0x964B, 0x0},
    {0xF952, 0x52D2, 0x0},
    {0xF953, 0x808B, 0x0},
    {0xF954, 0x51DC, 0x0},
    {0xF955, 0x51CC, 0x0},
    {0xF956, 0x7A1C, 0x0},
    {0xF957, 0x7DBE, 0x0},
    {0xF958, 0x83F1, 0x0},
    {0xF959, 0x9675, 0x0},
    {0xF95A, 0x8B80, 0x0},
    {0xF95B, 0x62CF, 0x0},
    {0xF95C, 0x6A02, 0x0},
    {0xF95D, 0x8AFE, 0x0},
    {0xF95E, 0x4E39, 0x0},
    {0xF95F, 0x5BE7, 0x0},
    {0xF960, 0x6012, 0x0},
    {0xF961, 0x7387, 0x0},
    {0xF962, 0x7570, 0x0},
    {0xF963, 0x5317, 0x0},
    {0xF964, 0x78FB, 0x0},
    {0xF965, 0x4FBF, 0x0},
    {0xF966, 0x5FA9, 0x0},
    {0xF967, 0x4E0D, 0x0},
    {0xF968, 0x6CCC, 0x0},
    {0xF969, 0x6578, 0x0},
    {0xF96A, 0x7D22, 0x0},
    {0xF96B, 0x53C3, 0x0},
    {0xF96C, 0x585E, 0x0},
    {0xF96D, 0x7701, 0x0},
    {0xF96E, 0x8449, 0x0},
    {0xF96F, 0x8AAA, 0x0},
    {0xF970, 0x6BBA, 0x0},
    {0xF971, 0x8FB0, 0x0},
    {0xF972, 0x6C88, 0x0},
    {0xF973, 0x62FE, 0x0},
    {0xF974, 0x82E5, 0x0},
    {0xF975, 0x63A0, 0x0},
    {0xF976, 0x7565, 0x0},
    {0xF977, 0x4EAE, 0x0},
    {0xF978, 0x5169, 0x0},
    {0xF979, 0x51C9, 0x0},
    {0xF97A, 0x6881, 0x0},
    {0xF97B, 0x7CE7, 0x0},
    {0xF97C, 0x826F, 0x0},
    {0xF97D, 0x8AD2, 0x0},
    {0xF97E, 0x91CF, 0x0},
    {0xF97F, 0x52F5, 0x0},
    {0xF980, 0x5442, 0x0},
    {0xF981, 0x5973, 0x0},
    {0xF982, 0x5EEC, 0x0},
    {0xF983, 0x65C5, 0x0},
    {0xF984, 0x6FFE, 0x0},
    {0xF985, 0x792A, 0x0},
    {0xF986, 0x95AD, 0x0},
    {0xF987, 0x9A6A, 0x0},
    {0xF988, 0x9E97, 0x0},
    {0xF989, 0x9ECE, 0x0},
    {0xF98A, 0x529B, 0x0},
    {0xF98B, 0x66C6, 0x0},
    {0xF98C, 0x6B77, 0x0},
    {0xF98D, 0x8F62, 0x0},
    {0xF98E, 0x5E74, 0x0},
    {0xF98F, 0x6190, 0x0},
    {0xF990, 0x6200, 0x0},
    {0xF991, 0x649A, 0x0},
    {0xF992, 0x6F23, 0x0},
    {0xF993, 0x7149, 0x0},
    {0xF994, 0x7489, 0x0},
    {0xF995, 0x79CA, 0x0},
    {0xF996, 0x7DF4, 0x0},
    {0xF997, 0x806F, 0x0},
    {0xF998, 0x8F26, 0x0},
    {0xF999, 0x84EE, 0x0},
    {0xF99A, 0x9023, 0x0},
    {0xF99B, 0x934A, 0x0},
    {0xF99C, 0x5217, 0x0},
    {0xF99D, 0x52A3, 0x0},
    {0xF99E, 0x54BD, 0x0},
    {0xF99F, 0x70C8, 0x0},
    {0xF9A0, 0x88C2, 0x0},
    {0xF9A1, 0x8AAA, 0x0},
    {0xF9A2, 0x5EC9, 0x0},
    {0xF9A3, 0x5FF5, 0x0},
    {0xF9A4, 0x637B, 0x0},
    {0xF9A5, 0x6BAE, 0x0},
    {0xF9A6, 0x7C3E, 0x0},
    {0xF9A7, 0x7375, 0x0},
    {0xF9A8, 0x4EE4, 0x0},
    {0xF9A9, 0x56F9, 0x0},
    {0xF9AA, 0x5BE7, 0x0},
    {0xF9AB, 0x5DBA, 0x0},
    {0xF9AC, 0x601C, 0x0},
    {0xF9AD, 0x73B2, 0x0},
    {0xF9AE, 0x7469, 0x0},
    {0xF9AF, 0x7F9A, 0x0},
    {0xF9B0, 0x8046, 0x0},
    {0xF9B1, 0x9234, 0x0},
    {0xF9B2, 0x96F6, 0x0},
    {0xF9B3, 0x9748, 0x0},
    {0xF9B4, 0x9818, 0x0},
    {0xF9B5, 0x4F8B, 0x0},
    {0xF9B6, 0x79AE, 0x0},
    {0xF9B7, 0x91B4, 0x0},
    {0xF9B8, 0x96B8, 0x0},
    {0xF9B9, 0x60E1, 0x0},
    {0xF9BA, 0x4E86, 0x0},
    {0xF9BB, 0x50DA, 0x0},
    {0xF9BC, 0x5BEE, 0x0},
    {0xF9BD, 0x5C3F, 0x0},
    {0xF9BE, 0x6599, 0x0},
    {0xF9BF, 0x6A02, 0x0},
    {0xF9C0, 0x71CE, 0x0},
    {0xF9C1, 0x7642, 0x0},
    {0xF9C2, 0x84FC, 0x0},
    {0xF9C3, 0x907C, 0x0},
    {0xF9C4, 0x9F8D, 0x0},
    {0xF9C5, 0x6688, 0x0},
    {0xF9C6, 0x962E, 0x0},
    {0xF9C7, 0x5289, 0x0},
    {0xF9C8, 0x677B, 0x0},
    {0xF9C9, 0x67F3, 0x0},
    {0xF9CA, 0x6D41, 0x0},
    {0xF9CB, 0x6E9C, 0x0},
    {0xF9CC, 0x7409, 0x0},
    {0xF9CD, 0x7559, 0x0},
    {0xF9CE, 0x786B, 0x0},
    {0xF9CF, 0x7D10, 0x0},
    {0xF9D0, 0x985E, 0x0},
    {0xF9D1, 0x516D, 0x0},
    {0xF9D2, 0x622E, 0x0},
    {0xF9D3, 0x9678, 0x0},
    {0xF9D4, 0x502B, 0x0},
    {0xF9D5, 0x5D19, 0x0},
    {0xF9D6, 0x6DEA, 0x0},
    {0xF9D7, 0x8F2A, 0x0},
    {0xF9D8, 0x5F8B, 0x0},
    {0xF9D9, 0x6144, 0x0},
    {0xF9DA, 0x6817, 0x0},
    {0xF9DB, 0x7387, 0x0},
    {0xF9DC, 0x9686, 0x0},
    {0xF9DD, 0x5229, 0x0},
    {0xF9DE, 0x540F, 0x0},
    {0xF9DF, 0x5C65, 0x0},
    {0xF9E0, 0x6613, 0x0},
    {0xF9E1, 0x674E, 0x0},
    {0xF9E2, 0x68A8, 0x0},
    {0xF9E3, 0x6CE5, 0x0},
    {0xF9E4, 0x7406, 0x0},
    {0xF9E5, 0x75E2, 0x0},
    {0xF9E6, 0x7F79, 0x0},
    {0xF9E7, 0x88CF, 0x0},
    {0xF9E8, 0x88E1, 0x0},
    {0xF9E9, 0x91CC, 0x0},
    {0xF9EA, 0x96E2, 0x0},
    {0xF9EB, 0x533F, 0x0},
    {0xF9EC, 0x6EBA, 0x0},
    {0xF9ED, 0x541D, 0x0},
    {0xF9EE, 0x71D0, 0x0},
    {0xF9EF, 0x7498, 0x0},
    {0xF9F0, 0x85FA, 0x0},
    {0xF9F1, 0x96A3, 0x0},
    {0xF9F2, 0x9C57, 0x0},
    {0xF9F3, 0x9E9F, 0x0},
    {0xF9F4, 0x6797, 0x0},
    {0xF9F5, 0x6DCB, 0x0},
    {0xF9F6, 0x81E8, 0x0},
    {0xF9F7, 0x7ACB, 0x0},
    {0xF9F8, 0x7B20, 0x0},
    {0xF9F9, 0x7C92, 0x0},
    {0xF9FA, 0x72C0, 0x0},
    {0xF9FB, 0x7099, 0x0},
    {0xF9FC, 0x8B58, 0x0},
    {0xF9FD, 0x4EC0, 0x0},
    {0xF9FE, 0x8336, 0x0},
    {0xF9FF, 0x523A, 0x0},
    {0xFA00, 0x5207, 0x0},
    {0xFA01, 0x5EA6, 0x0},
    {0xFA02, 0x62D3, 0x0},
    {0xFA03, 0x7CD6, 0x0},
    {0xFA04, 0x5B85, 0x0},
    {0xFA05, 0x6D1E, 0x0},
    {0xFA06, 0x66B4, 0x0},
    {0xFA07, 0x8F3B, 0x0},
    {0xFA08, 0x884C, 0x0},
    {0xFA09, 0x964D, 0x0},
    {0xFA0A, 0x898B, 0x0},
    {0xFA0B, 0x5ED3, 0x0},
    {0xFA0C, 0x5140, 0x0},
    {0xFA0D, 0x55C0, 0x0},
    {0xFA10, 0x585A, 0x0},
    {0xFA12, 0x6674, 0x0},
    {0xFA15, 0x51DE, 0x0},
    {0xFA16, 0x732A, 0x0},
    {0xFA17, 0x76CA, 0x0},
    {0xFA18, 0x793C, 0x0},
    {0xFA19, 0x795E, 0x0},
    {0xFA1A, 0x7965, 0x0},
    {0xFA1B, 0x798F, 0x0},
    {0xFA1C, 0x9756, 0x0},
    {0xFA1D, 0x7CBE, 0x0},
    {0xFA1E, 0x7FBD, 0x0},
    {0xFA20, 0x8612, 0x0},
    {0xFA22, 0x8AF8, 0x0},
    {0xFA25, 0x9038, 0x0},
    {0xFA26, 0x90FD, 0x0},
    {0xFA2A, 0x98EF, 0x0},
    {0xFA2B, 0x98FC, 0x0},
    {0xFA2C, 0x9928, 0x0},
    {0xFA2D, 0x9DB4, 0x0},
    {0xFA2E, 0x90DE, 0x0},
    {0xFA2F, 0x96B7, 0x0},
    {0xFA30, 0x4FAE, 0x0},
    {0xFA31, 0x50E7, 0x0},
    {0xFA32, 0x514D, 0x0},
    {0xFA33, 0x52C9, 0x0},
    {0xFA34, 0x52E4, 0x0},
    {0xFA35, 0x5351, 0x0},
    {0xFA36, 0x559D, 0x0},
    {0xFA37, 0x5606, 0x0},
    {0xFA38, 0x5668, 0x0},
    {0xFA39, 0x5840, 0x0},
    {0xFA3A, 0x58A8, 0x0},
    {0xFA3B, 0x5C64, 0x0},
    {0xFA3C, 0x5C6E, 0x0},
    {0xFA3D, 0x6094, 0x0},
    {0xFA3E, 0x6168, 0x0},
    {0xFA3F, 0x618E, 0x0},
    {0xFA40, 0x61F2, 0x0},
    {0xFA41, 0x654F, 0x0},
    {0xFA42, 0x65E2, 0x0},
    {0xFA43, 0x6691, 0x0},
    {0xFA44, 0x6885, 0x0},
    {0xFA45, 0x6D77, 0x0},
    {0xFA46, 0x6E1A, 0x0},
    {0xFA47, 0x6F22, 0x0},
    {0xFA48, 0x716E, 0x0},
    {0xFA49, 0x722B, 0x0},
    {0xFA4A, 0x7422, 0x0},
    {0xFA4B, 0x7891, 0x0},
    {0xFA4C, 0x793E, 0x0},
    {0xFA4D, 0x7949, 0x0},
    {0xFA4E, 0x7948, 0x0},
    {0xFA4F, 0x7950, 0x0},
    {0xFA50, 0x7956, 0x0},
    {0xFA51, 0x795D, 0x0},
    {0xFA52, 0x798D, 0x0},
    {0xFA53, 0x798E, 0x0},
    {0xFA54, 0x7A40, 0x0},
    {0xFA55, 0x7A81, 0x0},
    {0xFA56, 0x7BC0, 0x0},
    {0xFA57, 0x7DF4, 0x0},
    {0xFA58, 0x7E09, 0x0},
    {0xFA59, 0x7E41, 0x0},
    {0xFA5A, 0x7F72, 0x0},
    {0xFA5B, 0x8005, 0x0},
    {0xFA5C, 0x81ED, 0x0},
    {0xFA5D, 0x8279, 0x0},
    {0xFA5E, 0x8279, 0x0},
    {0xFA5F, 0x8457, 0x0},
    {0xFA60, 0x8910, 0x0},
    {0xFA61, 0x8996, 0x0},
    {0xFA62, 0x8B01, 0x0},
    {0xFA63, 0x8B39, 0x0},
    {0xFA64, 0x8CD3, 0x0},
    {0xFA65, 0x8D08, 0x0},
    {0xFA66, 0x8FB6, 0x0},
    {0xFA67, 0x9038, 0x0},
    {0xFA68, 0x96E3, 0x0},
    {0xFA69, 0x97FF, 0x0},
    {0xFA6A, 0x983B, 0x0},
    {0xFA6B, 0x6075, 0x0},
    {0xFA6C, 0x242EE, 0x0},
    {0xFA6D, 0x8218, 0x0},
    {0xFA70, 0x4E26, 0x0},
    {0xFA71, 0x51B5, 0x0},
    {0xFA72, 0x5168, 0x0},
    {0xFA73, 0x4F80, 0x0},
    {0xFA74, 0x5145, 0x0},
    {0xFA75, 0x5180, 0x0},
    {0xFA76, 0x52C7, 0x0},
    {0xFA77, 0x52FA, 0x0},
    {0xFA78, 0x559D, 0x0},
    {0xFA79, 0x5555, 0x0},
    {0xFA7A, 0x5599, 0x0},
    {0xFA7B, 0x55E2, 0x0},
    {0xFA7C, 0x585A, 0x0},
    {0xFA7D, 0x58B3, 0x0},
    {0xFA7E, 0x5944, 0x0},
    {0xFA7F, 0x5954, 0x0},
    {0xFA80, 0x5A62, 0x0},
    {0xFA81, 0x5B28, 0x0},
    {0xFA82, 0x5ED2, 0x0},
    {0xFA83, 0x5ED9, 0x0},
    {0xFA84, 0x5F69, 0x0},
    {0xFA85, 0x5FAD, 0x0},
    {0xFA86, 0x60D8, 0x0},
    {0xFA87, 0x614E, 0x0},
    {0xFA88, 0x6108, 0x0},
    {0xFA89, 0x618E, 0x0},
    {0xFA8A, 0x6160, 0x0},
    {0xFA8B, 0x61F2, 0x0},
    {0xFA8C, 0x6234, 0x0},
    {0xFA8D, 0x63C4, 0x0},
    {0xFA8E, 0x641C, 0x0},
    {0xFA8F, 0x6452, 0x0},
    {0xFA90, 0x6556, 0x0},
    {0xFA91, 0x6674, 0x0},
    {0xFA92, 0x6717, 0x0},
    {0xFA93, 0x671B, 0x0},
    {0xFA94, 0x6756, 0x0},
    {0xFA95, 0x6B79, 0x0},
    {0xFA96, 0x6BBA, 0x0},
    {0xFA97, 0x6D41, 0x0},
    {0xFA98, 0x6EDB, 0x0},
    {0xFA99, 0x6ECB, 0x0},
    {0xFA9A, 0x6F22, 0x0},
    {0xFA9B, 0x701E, 0x0},
    {0xFA9C, 0x716E, 0x0},
    {0xFA9D, 0x77A7, 0x0},
    {0xFA9E, 0x7235, 0x0},
    {0xFA9F, 0x72AF, 0x0},
    {0xFAA0, 0x732A, 0x0},
    {0xFAA1, 0x7471, 0x0},
    {0xFAA2, 0x7506, 0x0},
    {0xFAA3, 0x753B, 0x0},
    {0xFAA4, 0x761D, 0x0},
    {0xFAA5, 0x761F, 0x0},
    {0xFAA6, 0x76CA, 0x0},
    {0xFAA7, 0x76DB, 0x0},
    {0xFAA8, 0x76F4, 0x0},
    {0xFAA9, 0x774A, 0x0},
    {0xFAAA, 0x7740, 0x0},
    {0xFAAB, 0x78CC, 0x0},
    {0xFAAC, 0x7AB1, 0x0},
    {0xFAAD, 0x7BC0, 0x0},
    {0xFAAE, 0x7C7B, 0x0},
    {0xFAAF, 0x7D5B, 0x0},
    {0xFAB0, 0x7DF4, 0x0},
    {0xFAB1, 0x7F3E, 0x0},
    {0xFAB2, 0x8005, 0x0},
    {0xFAB3, 0x8352, 0x0},
    {0xFAB4, 0x83EF, 0x0},
    {0xFAB5, 0x8779, 0x0},
    {0xFAB6, 0x8941, 0x0},
    {0xFAB7, 0x8986, 0x0},
    {0xFAB8, 0x8996, 0x0},
    {0xFAB9, 0x8ABF, 0x0},
    {0xFABA, 0x8AF8, 0x0},
    {0xFABB, 0x8ACB, 0x0},
    {0xFABC, 0x8B01, 0x0},
    {0xFABD, 0x8AFE, 0x0},
    {0xFABE, 0x8AED, 0x0},
    {0xFABF, 0x8B39, 0x0},
    {0xFAC0, 0x8B8A, 0x0},
    {0xFAC1, 0x8D08, 0x0},
    {0xFAC2, 0x8F38, 0x0},
    {0xFAC3, 0x9072, 0x0},
    {0xFAC4, 0x9199, 0x0},
    {0xFAC5, 0x9276, 0x0},
    {0xFAC6, 0x967C, 0x0},
    {0xFAC7, 0x96E3, 0x0},
    {0xFAC8, 0x9756, 0x0},
    {0xFAC9, 0x97DB, 0x0},
    {0xFACA, 0x97FF, 0x0},
    {0xFACB, 0x980B, 0x0},
    {0xFACC, 0x983B, 0x0},
    {0xFACD, 0x9B12, 0x0},
    {0xFACE, 0x9F9C, 0x0},
    {0xFACF, 0x2284A, 0x0},
    {0xFAD0, 0x22844, 0x0},
    {0xFAD1, 0x233D5, 0x0},
    {0xFAD2, 0x3B9D, 0x0},
    {0xFAD3, 0x4018, 0x0},
    {0xFAD4, 0x4039, 0x0},
    {0xFAD5, 0x25249, 0x0},
    {0xFAD6, 0x25CD0, 0x0},
    {0xFAD7, 0x27ED3, 0x0},
    {0xFAD8, 0x9F43, 0x0},
    {0xFAD9, 0x9F8E, 0x0},
    {0xFB1D, 0x5D9, 0x5B4},
    {0xFB1F, 0x5F2, 0x5B7},
    {0xFB2A, 0x5E9, 0x5C1},
    {0xFB2B, 0x5E9, 0x5C2},
    {0xFB2C, 0xFB49, 0x5C1},
    {0xFB2D, 0xFB49, 0x5C2},
    {0xFB2E, 0x5D0, 0x5B7},
    {0xFB2F, 0x5D0, 0x5B8},
    {0xFB30, 0x5D0, 0x5BC},
    {0xFB31, 0x5D1, 0x5BC},
    {0xFB32, 0x5D2, 0x5BC},
    {0xFB33, 0x5D3, 0x5BC},
    {0xFB34, 0x5D4, 0x5BC},
    {0xFB35, 0x5D5, 0x5BC},
    {0xFB36, 0x5D6, 0x5BC},
    {0xFB38, 0x5D8, 0x5BC},
    {0xFB39, 0x5D9, 0x5BC},
    {0xFB3A, 0x5DA, 0x5BC},
    {0xFB3B, 0x5DB, 0x5BC},
    {0xFB3C, 0x5DC, 0x5BC},
    {0xFB3E, 0x5DE, 0x5BC},
    {0xFB40, 0x5E0, 0x5BC},
    {0xFB41, 0x5E1, 0x5BC},
    {0xFB43, 0x5E3, 0x5BC},
    {0xFB44, 0x5E4, 0x5BC},
    {0xFB46, 0x5E6, 0x5BC},
    {0xFB47, 0x5E7, 0x5BC},
    {0xFB48, 0x5E8, 0x5BC},
    {0xFB49, 0x5E9, 0x5BC},
    {0xFB4A, 0x5EA, 0x5BC},
    {0xFB4B, 0x5D5, 0x5B9},
    {0xFB4C, 0x5D1, 0x5BF},
    {0xFB4D, 0x5DB, 0x5BF},
    {0xFB4E, 0x5E4, 0x5BF},
    {0x1109A, 0x11099, 0x110BA},
    {0x1109C, 0x1109B, 0x110BA},
    {0x110AB, 0x110A5, 0x110BA},
    {0x1112E, 0x11131, 0x11127},
    {0x1112F, 0x11132, 0x11127},
    {0x1134B, 0x11347, 0x1133E},
    {0x1134C, 0x11347, 0x11357},
    {0x114BB, 0x114B9, 0x114BA},
    {0x114BC, 0x114B9, 0x114B0},
    {0x114BE, 0x114B9, 0x114BD},
    {0x115BA, 0x115B8, 0x115AF},
    {0x115BB, 0x115B9, 0x115AF},
    {0x11938, 0x11935, 0x11930},
    {0x1D15E, 0x1D157, 0x1D165},
    {0x1D15F, 0x1D158, 0x1D165},
    {0x1D160, 0x1D15F, 0x1D16E},
    {0x1D161, 0x1D15F, 0x1D16F},
    {0x1D162, 0x1D15F, 0x1D170},
    {0x1D163, 0x1D15F, 0x1D171},
    {0x1D164, 0x1D15F, 0x1D172},
    {0x1D1BB, 0x1D1B9, 0x1D165},
    {0x1D1BC, 0x1D1BA, 0x1D165},
    {0x1D1BD, 0x1D1BB, 0x1D16E},
    {0x1D1BE, 0x1D1BC, 0x1D16E},
    {0x1D1BF, 0x1D1BB, 0x1D16F},
    {0x1D1C0, 0x1D1BC, 0x1D16F},
    {0x2F800, 0x4E3D, 0x0},
    {0x2F801, 0x4E38, 0x0},
    {0x2F802, 0x4E41, 0x0},
    {0x2F803, 0x20122, 0x0},
    {0x2F804, 0x4F60, 0x0},
    {0x2F805, 0x4FAE, 0x0},
    {0x2F806, 0x4FBB, 0x0},
    {0x2F807, 0x5002, 0x0},
    {0x2F808, 0x507A, 0x0},
    {0x2F809, 0x5099, 0x0},
    {0x2F80A, 0x50E7, 0x0},
    {0x2F80B, 0x50CF, 0x0},
    {0x2F80C, 0x349E, 0x0},
    {0x2F80D, 0x2063A, 0x0},
    {0x2F80E, 0x514D, 0x0},
    {0x2F80F, 0x5154, 0x0},
    {0x2F810, 0x5164, 0x0},
    {0x2F811, 0x5177, 0x0},
    {0x2F812, 0x2051C, 0x0},
    {0x2F813, 0x34B9, 0x0},
    {0x2F814, 0x5167, 0x0},
    {0x2F815, 0x518D, 0x0},
    {0x2F816, 0x2054B, 0x0},
    {0x2F817, 0x5197, 0x0},
    {0x2F818, 0x51A4, 0x0},
    {0x2F819, 0x4ECC, 0x0},
    {0x2F81A, 0x51AC, 0x0},
    {0x2F81B, 0x51B5, 0x0},
    {0x2F81C, 0x291DF, 0x0},
    {0x2F81D, 0x51F5, 0x0},
    {0x2F81E, 0x5203, 0x0},
    {0x2F81F, 0x34DF, 0x0},
    {0x2F820, 0x523B, 0x0},
    {0x2F821, 0x5246, 0x0},
    {0x2F822, 0x5272, 0x0},
    {0x2F823, 0x5277, 0x0},
    {0x2F824, 0x3515, 0x0},
    {0x2F825, 0x52C7, 0x0},
    {0x2F826, 0x52C9, 0x0},
    {0x2F827, 0x52E4, 0x0},
    {0x2F828, 0x52FA, 0x0},
    {0x2F829, 0x5305, 0x0},
    {0x2F82A, 0x5306, 0x0},
    {0x2F82B, 0x5317, 0x0},
    {0x2F82C, 0x5349, 0x0},
    {0x2F82D, 0x5351, 0x0},
    {0x2F82E, 0x535A, 0x0},
    {0x2F82F, 0x5373, 0x0},
    {0x2F830, 0x537D, 0x0},
    {0x2F831, 0x537F, 0x0},
    {0x2F832, 0x537F, 0x0},
    {0x2F833, 0x537F, 0x0},
    {0x2F834, 0x20A2C, 0x0},
    {0x2F835, 0x7070, 0x0},
    {0x2F836, 0x53CA, 0x0},
    {0x2F837, 0x53DF, 0x0},
    {0x2F838, 0x20B63, 0x0},
    {0x2F839, 0x53EB, 0x0},
    {0x2F83A, 0x53F1, 0x0},
    {0x2F83B, 0x5406, 0x0},
    {0x2F83C, 0x549E, 0x0},
    {0x2F83D, 0x5438, 0x0},
    {0x2F83E, 0x5448, 0x0},
    {0x2F83F, 0x5468, 0x0},
    {0x2F840, 0x54A2, 0x0},
    {0x2F841, 0x54F6, 0x0},
    {0x2F842, 0x5510, 0x0},
    {0x2F843, 0x5553, 0x0},
    {0x2F844, 0x5563, 0x0},
    {0x2F845, 0x5584, 0x0},
    {0x2F846, 0x5584, 0x0},
    {0x2F847, 0x5599, 0x0},
    {0x2F848, 0x55AB, 0x0},
    {0x2F849, 0x55B3, 0x0},
    {0x2F84A, 0x55C2, 0x0},
    {0x2F84B, 0x5716, 0x0},
    {0x2F84C, 0x5606, 0x0},
    {0x2F84D, 0x5717, 0x0},
    {0x2F84E, 0x5651, 0x0},
    {0x2F84F, 0x5674, 0x0},
    {0x2F850, 0x5207, 0x0},
    {0x2F851, 0x58EE, 0x0},
    {0x2F852, 0x57CE, 0x0},
    {0x2F853, 0x57F4, 0x0},
    {0x2F854, 0x580D, 0x0},
    {0x2F855, 0x578B, 0x0},
    {0x2F856, 0x5832, 0x0},
    {0x2F857, 0x5831, 0x0},
    {0x2F858, 0x58AC, 0x0},
    {0x2F859, 0x214E4, 0x0},
    {0x2F85A, 0x58F2, 0x0},
    {0x2F85B, 0x58F7, 0x0},
    {0x2F85C, 0x5906, 0x0},
    {0x2F85D, 0x591A, 0x0},
    {0x2F85E, 0x5922, 0x0},
    {0x2F85F, 0x5962, 0x0},
    {0x2F860, 0x216A8, 0x0},
    {0x2F861, 0x216EA, 0x0},
    {0x2F862, 0x59EC, 0x0},
    {0x2F863, 0x5A1B, 0x0},
    {0x2F864, 0x5A27, 0x0},
    {0x2F865, 0x59D8, 0x0},
    {0x2F866, 0x5A66, 0x0},
    {0x2F867, 0x36EE, 0x0},
    {0x2F868, 0x36FC, 0x0},
    {0x2F869, 0x5B08, 0x0},
    {0x2F86A, 0x5B3E, 0x0},
    {0x2F86B, 0x5B3E, 0x0},
    {0x2F86C, 0x219C8, 0x0},
    {0x2F86D, 0x5BC3, 0x0},
    {0x2F86E, 0x5BD8, 0x0},
    {0x2F86F, 0x5BE7, 0x0},
    {0x2F870, 0x5BF3, 0x0},
    {0x2F871, 0x21B18, 0x0},
    {0x2F872, 0x5BFF, 0x0},
    {0x2F873, 0x5C06, 0x0},
    {0x2F874, 0x5F53, 0x0},
    {0x2F875, 0x5C22, 0x0},
    {0x2F876, 0x3781, 0x0},
    {0x2F877, 0x5C60, 0x0},
    {0x2F878, 0x5C6E, 0x0},
    {0x2F879, 0x5CC0, 0x0},
    {0x2F87A, 0x5C8D, 0x0},
    {0x2F87B, 0x21DE4, 0x0},
    {0x2F87C, 0x5D43, 0x0},
    {0x2F87D, 0x21DE6, 0x0},
    {0x2F87E, 0x5D6E, 0x0},
    {0x2F87F, 0x5D6B, 0x0},
    {0x2F880, 0x5D7C, 0x0},
    {0x2F881, 0x5DE1, 0x0},
    {0x2F882, 0x5DE2, 0x0},
    {0x2F883, 0x382F, 0x0},
    {0x2F884, 0x5DFD, 0x0},
    {0x2F885, 0x5E28, 0x0},
    {0x2F886, 0x5E3D, 0x0},
    {0x2F887, 0x5E69, 0x0},
    {0x2F888, 0x3862, 0x0},
    {0x2F889, 0x22183, 0x0},
    {0x2F88A, 0x387C, 0x0},
    {0x2F88B, 0x5EB0, 0x0},
    {0x2F88C, 0x5EB3, 0x0},
    {0x2F88D, 0x5EB6, 0x0},
    {0x2F88E, 0x5ECA, 0x0},
    {0x2F88F, 0x2A392, 0x0},
    {0x2F890, 0x5EFE, 0x0},
    {0x2F891, 0x22331, 0x0},
    {0x2F892, 0x22331, 0x0},
    {0x2F893, 0x8201, 0x0},
    {0x2F894, 0x5F22, 0x0},
    {0x2F895, 0x5F22, 0x0},
    {0x2F896, 0x38C7, 0x0},
    {0x2F897, 0x232B8, 0x0},
    {0x2F898, 0x261DA, 0x0},
    {0x2F899, 0x5F62, 0x0},
    {0x2F89A, 0x5F6B, 0x0},
    {0x2F89B, 0x38E3, 0x0},
    {0x2F89C, 0x5F9A, 0x0},
    {0x2F89D, 0x5FCD, 0x0},
    {0x2F89E, 0x5FD7, 0x0},
    {0x2F89F, 0x5FF9, 0x0},
    {0x2F8A0, 0x6081, 0x0},
    {0x2F8A1, 0x393A, 0x0},
    {0x2F8A2, 0x391C, 0x0},
    {0x2F8A3, 0x6094, 0x0},
    {0x2F8A4, 0x226D4, 0x0},
    {0x2F8A5, 0x60C7, 0x0},
    {0x2F8A6, 0x6148, 0x0},
    {0x2F8A7, 0x614C, 0x0},
    {0x2F8A8, 0x614E, 0x0},
    {0x2F8A9, 0x614C, 0x0},
    {0x2F8AA, 0x617A, 0x0},
    {0x2F8AB, 0x618E, 0x0},
    {0x2F8AC, 0x61B2, 0x0},
    {0x2F8AD, 0x61A4, 0x0},
    {0x2F8AE, 0x61AF, 0x0},
    {0x2F8AF, 0x61DE, 0x0},
    {0x2F8B0, 0x61F2, 0x0},
    {0x2F8B1, 0x61F6, 0x0},
    {0x2F8B2, 0x6210, 0x0},
    {0x2F8B3, 0x621B, 0x0},
    {0x2F8B4, 0x625D, 0x0},
    {0x2F8B5, 0x62B1, 0x0},
    {0x2F8B6, 0x62D4, 0x0},
    {0x2F8B7, 0x6350, 0x0},
    {0x2F8B8, 0x22B0C, 0x0},
    {0x2F8B9, 0x633D, 0x0},
    {0x2F8BA, 0x62FC, 0x0},
    {0x2F8BB, 0x6368, 0x0},
    {0x2F8BC, 0x6383, 0x0},
    {0x2F8BD, 0x63E4, 0x0},
    {0x2F8BE, 0x22BF1, 0x0},
    {0x2F8BF, 0x6422, 0x0},
    {0x2F8C0, 0x63C5, 0x0},
    {0x2F8C1, 0x63A9, 0x0},
    {0x2F8C2, 0x3A2E, 0x0},
    {0x2F8C3, 0x6469, 0x0},
    {0x2F8C4, 0x647E, 0x0},
    {0x2F8C5, 0x649D, 0x0},
    {0x2F8C6, 0x6477, 0x0},
    {0x2F8C7, 0x3A6C, 0x0},
    {0x2F8C8, 0x654F, 0x0},
    {0x2F8C9, 0x656C, 0x0},
    {0x2F8CA, 0x2300A, 0x0},
    {0x2F8CB, 0x65E3, 0x0},
    {0x2F8CC, 0x66F8, 0x0},
    {0x2F8CD, 0x6649, 0x0},
    {0x2F8CE, 0x3B19, 0x0},
    {0x2F8CF, 0x6691, 0x0},
    {0x2F8D0, 0x3B08, 0x0},
    {0x2F8D1, 0x3AE4, 0x0},
    {0x2F8D2, 0x5192, 0x0},
    {0x2F8D3, 0x5195, 0x0},
    {0x2F8D4, 0x6700, 0x0},
    {0x2F8D5, 0x669C, 0x0},
    {0x2F8D6, 0x80AD, 0x0},
    {0x2F8D7, 0x43D9, 0x0},
    {0x2F8D8, 0x6717, 0x0},
    {0x2F8D9, 0x671B, 0x0},
    {0x2F8DA, 0x6721, 0x0},
    {0x2F8DB, 0x675E, 0x0},
    {0x2F8DC, 0x6753, 0x0},
    {0x2F8DD, 0x233C3, 0x0},
    {0x2F8DE, 0x3B49, 0x0},
    {0x2F8DF, 0x67FA, 0x0},
    {0x2F8E0, 0x6785, 0x0},
    {0x2F8E1, 0x6852, 0x0},
    {0x2F8E2, 0x6885, 0x0},
    {0x2F8E3, 0x2346D, 0x0},
    {0x2F8E4, 0x688E, 0x0},
    {0x2F8E5, 0x681F, 0x0},
    {0x2F8E6, 0x6914, 0x0},
    {0x2F8E7, 0x3B9D, 0x0},
    {0x2F8E8, 0x6942, 0x0},
    {0x2F8E9, 0x69A3, 0x0},
    {0x2F8EA, 0x69EA, 0x0},
    {0x2F8EB, 0x6AA8, 0x0},
    {0x2F8EC, 0x236A3, 0x0},
    {0x2F8ED, 0x6ADB, 0x0},
    {0x2F8EE, 0x3C18, 0x0},
    {0x2F8EF, 0x6B21, 0x0},
    {0x2F8F0, 0x238A7, 0x0},
    {0x2F8F1, 0x6B54, 0x0},
    {0x2F8F2, 0x3C4E, 0x0},
    {0x2F8F3, 0x6B72, 0x0},
    {0x2F8F4, 0x6B9F, 0x0},
    {0x2F8F5, 0x6BBA, 0x0},
    {0x2F8F6, 0x6BBB, 0x0},
    {0x2F8F7, 0x23A8D, 0x0},
    {0x2F8F8, 0x21D0B, 0x0},
    {0x2F8F9, 0x23AFA, 0x0},
    {0x2F8FA, 0x6C4E, 0x0},
    {0x2F8FB, 0x23CBC, 0x0},
    {0x2F8FC, 0x6CBF, 0x0},
    {0x2F8FD, 0x6CCD, 0x0},
    {0x2F8FE, 0x6C67, 0x0},
    {0x2F8FF, 0x6D16, 0x0},
    {0x2F900, 0x6D3E, 0x0},
    {0x2F901, 0x6D77, 0x0},
    {0x2F902, 0x6D41, 0x0},
    {0x2F903, 0x6D69, 0x0},
    {0x2F904, 0x6D78, 0x0},
    {0x2F905, 0x6D85, 0x0},
    {0x2F906, 0x23D1E, 0x0},
    {0x2F907, 0x6D34, 0x0},
    {0x2F908, 0x6E2F, 0x0},
    {0x2F909, 0x6E6E, 0x0},
    {0x2F90A, 0x3D33, 0x0},
    {0x2F90B, 0x6ECB, 0x0},
    {0x2F90C, 0x6EC7, 0x0},
    {0x2F90D, 0x23ED1, 0x0},
    {0x2F90E, 0x6DF9, 0x0},
    {0x2F90F, 0x6F6E, 0x0},
    {0x2F910, 0x23F5E, 0x0},
    {0x2F911, 0x23F8E, 0x0},
    {0x2F912, 0x6FC6, 0x0},
    {0x2F913, 0x7039, 0x0},
    {0x2F914, 0x701E, 0x0},
    {0x2F915, 0x701B, 0x0},
    {0x2F916, 0x3D96, 0x0},
    {0x2F917, 0x704A, 0x0},
    {0x2F918, 0x707D, 0x0},
    {0x2F919, 0x7077, 0x0},
    {0x2F91A, 0x70AD, 0x0},
    {0x2F91B, 0x20525, 0x0},
    {0x2F91C, 0x7145, 0x0},
    {0x2F91D, 0x24263, 0x0},
    {0x2F91E, 0x719C, 0x0},
    {0x2F91F, 0x243AB, 0x0},
    {0x2F920, 0x7228, 0x0},
    {0x2F921, 0x7235, 0x0},
    {0x2F922, 0x7250, 0x0},
    {0x2F923, 0x24608, 0x0},
    {0x2F924, 0x7280, 0x0},
    {0x2F925, 0x7295, 0x0},
    {0x2F926, 0x24735, 0x0},
    {0x2F927, 0x24814, 0x0},
    {0x2F928, 0x737A, 0x0},
    {0x2F929, 0x738B, 0x0},
    {0x2F92A, 0x3EAC, 0x0},
    {0x2F92B, 0x73A5, 0x0},
    {0x2F92C, 0x3EB8, 0x0},
    {0x2F92D, 0x3EB8, 0x0},
    {0x2F92E, 0x7447, 0x0},
    {0x2F92F, 0x745C, 0x0},
    {0x2F930, 0x7471, 0x0},
    {0x2F931, 0x7485, 0x0},
    {0x2F932, 0x74CA, 0x0},
    {0x2F933, 0x3F1B, 0x0},
    {0x2F934, 0x7524, 0x0},
    {0x2F935, 0x24C36, 0x0},
    {0x2F936, 0x753E, 0x0},
    {0x2F937, 0x24C92, 0x0},
    {0x2F938, 0x7570, 0x0},
    {0x2F939, 0x2219F, 0x0},
    {0x2F93A, 0x7610, 0x0},
    {0x2F93B, 0x24FA1, 0x0},
    {0x2F93C, 0x24FB8, 0x0},
    {0x2F93D, 0x25044, 0x0},
    {0x2F93E, 0x3FFC, 0x0},
    {0x2F93F, 0x4008, 0x0},
    {0x2F940, 0x76F4, 0x0},
    {0x2F941, 0x250F3, 0x0},
    {0x2F942, 0x250F2, 0x0},
    {0x2F943, 0x25119, 0x0},
    {0x2F944, 0x25133, 0x0},
    {0x2F945, 0x771E, 0x0},
    {0x2F946, 0x771F, 0x0},
    {0x2F947, 0x771F, 0x0},
    {0x2F948, 0x774A, 0x0},
    {0x2F949, 0x4039, 0x0},
    {0x2F94A, 0x778B, 0x0},
    {0x2F94B, 0x4046, 0x0},
    {0x2F94C, 0x4096, 0x0},
    {0x2F94D, 0x2541D, 0x0},
    {0x2F94E, 0x784E, 0x0},
    {0x2F94F, 0x788C, 0x0},
    {0x2F950, 0x78CC, 0x0},
    {0x2F951, 0x40E3, 0x0},
    {0x2F952, 0x25626, 0x0},
    {0x2F953, 0x7956, 0x0},
    {0x2F954, 0x2569A, 0x0},
    {0x2F955, 0x256C5, 0x0},
    {0x2F956, 0x798F, 0x0},
    {0x2F957, 0x79EB, 0x0},
    {0x2F958, 0x412F, 0x0},
    {0x2F959, 0x7A40, 0x0},
    {0x2F95A, 0x7A4A, 0x0},
    {0x2F95B, 0x7A4F, 0x0},
    {0x2F95C, 0x2597C, 0x0},
    {0x2F95D, 0x25AA7, 0x0},
    {0x2F95E, 0x25AA7, 0x0},
    {0x2F95F, 0x7AEE, 0x0},
    {0x2F960, 0x4202, 0x0},
    {0x2F961, 0x25BAB, 0x0},
    {0x2F962, 0x7BC6, 0x0},
    {0x2F963, 0x7BC9, 0x0},
    {0x2F964, 0x4227, 0x0},
    {0x2F965, 0x25C80, 0x0},
    {0x2F966, 0x7CD2, 0x0},
    {0x2F967, 0x42A0, 0x0},
    {0x2F968, 0x7CE8, 0x0},
    {0x2F969, 0x7CE3, 0x0},
    {0x2F96A, 0x7D00, 0x0},
    {0x2F96B, 0x25F86, 0x0},
    {0x2F96C, 0x7D63, 0x0},
    {0x2F96D, 0x4301, 0x0},
    {0x2F96E, 0x7DC7, 0x0},
    {0x2F96F, 0x7E02, 0x0},
    {0x2F970, 0x7E45, 0x0},
    {0x2F971, 0x4334, 0x0},
    {0x2F972, 0x26228, 0x0},
    {0x2F973, 0x26247, 0x0},
    {0x2F974, 0x4359, 0x0},
    {0x2F975, 0x262D9, 0x0},
    {0x2F976, 0x7F7A, 0x0},
    {0x2F977, 0x2633E, 0x0},
    {0x2F978, 0x7F95, 0x0},
    {0x2F979, 0x7FFA, 0x0},
    {0x2F97A, 0x8005, 0x0},
    {0x2F97B, 0x264DA, 0x0},
    {0x2F97C, 0x26523, 0x0},
    {0x2F97D, 0x8060, 0x0},
    {0x2F97E, 0x265A8, 0x0},
    {0x2F97F, 0x8070, 0x0},
    {0x2F980, 0x2335F, 0x0},
    {0x2F981, 0x43D5, 0x0},
    {0x2F982, 0x80B2, 0x0},
    {0x2F983, 0x8103, 0x0},
    {0x2F984, 0x440B, 0x0},
    {0x2F985, 0x813E, 0x0},
    {0x2F986, 0x5AB5, 0x0},
    {0x2F987, 0x267A7, 0x0},
    {0x2F988, 0x267B5, 0x0},
    {0x2F989, 0x23393, 0x0},
    {0x2F98A, 0x2339C, 0x0},
    {0x2F98B, 0x8201, 0x0},
    {0x2F98C, 0x8204, 0x0},
    {0x2F98D, 0x8F9E, 0x0},
    {0x2F98E, 0x446B, 0x0},
    {0x2F98F, 0x8291, 0x0},
    {0x2F990, 0x828B, 0x0},
    {0x2F991, 0x829D, 0x0},
    {0x2F992, 0x52B3, 0x0},
    {0x2F993, 0x82B1, 0x0},
    {0x2F994, 0x82B3, 0x0},
    {0x2F995, 0x82BD, 0x0},
    {0x2F996, 0x82E6, 0x0},
    {0x2F997, 0x26B3C, 0x0},
    {0x2F998, 0x82E5, 0x0},
    {0x2F999, 0x831D, 0x0},
    {0x2F99A, 0x8363, 0x0},
    {0x2F99B, 0x83AD, 0x0},
    {0x2F99C, 0x8323, 0x0},
    {0x2F99D, 0x83BD, 0x0},
    {0x2F99E, 0x83E7, 0x0},
    {0x2F99F, 0x8457, 0x0},
    {0x2F9A0, 0x8353, 0x0},
    {0x2F9A1, 0x83CA, 0x0},
    {0x2F9A2, 0x83CC, 0x0},
    {0x2F9A3, 0x83DC, 0x0},
    {0x2F9A4, 0x26C36, 0x0},
    {0x2F9A5, 0x26D6B, 0x0},
    {0x2F9A6, 0x26CD5, 0x0},
    {0x2F9A7, 0x452B, 0x0},
    {0x2F9A8, 0x84F1, 0x0},
    {0x2F9A9, 0x84F3, 0x0},
    {0x2F9AA, 0x8516, 0x0},
    {0x2F9AB, 0x273CA, 0x0},
    {0x2F9AC, 0x8564, 0x0},
    {0x2F9AD, 0x26F2C, 0x0},
    {0x2F9AE, 0x455D, 0x0},
    {0x2F9AF, 0x4561, 0x0},
    {0x2F9B0, 0x26FB1, 0x0},
    {0x2F9B1, 0x270D2, 0x0},
    {0x2F9B2, 0x456B, 0x0},
    {0x2F9B3, 0x8650, 0x0},
    {0x2F9B4, 0x865C, 0x0},
    {0x2F9B5, 0x8667, 0x0},
    {0x2F9B6, 0x8669, 0x0},
    {0x2F9B7, 0x86A9, 0x0},
    {0x2F9B8, 0x8688, 0x0},
    {0x2F9B9, 0x870E, 0x0},
    {0x2F9BA, 0x86E2, 0x0},
    {0x2F9BB, 0x8779, 0x0},
    {0x2F9BC, 0x8728, 0x0},
    {0x2F9BD, 0x876B, 0x0},
    {0x2F9BE, 0x8786, 0x0},
    {0x2F9BF, 0x45D7, 0x0},
    {0x2F9C0, 0x87E1, 0x0},
    {0x2F9C1, 0x8801, 0x0},
    {0x2F9C2, 0x45F9, 0x0},
    {0x2F9C3, 0x8860, 0x0},
    {0x2F9C4, 0x8863, 0x0},
    {0x2F9C5, 0x27667, 0x0},
    {0x2F9C6, 0x88D7, 0x0},
    {0x2F9C7, 0x88DE, 0x0},
    {0x2F9C8, 0x4635, 0x0},
    {0x2F9C9, 0x88FA, 0x0},
    {0x2F9CA, 0x34BB, 0x0},
    {0x2F9CB, 0x278AE, 0x0},
    {0x2F9CC, 0x27966, 0x0},
    {0x2F9CD, 0x46BE, 0x0},
    {0x2F9CE, 0x46C7, 0x0},
    {0x2F9CF, 0x8AA0, 0x0},
    {0x2F9D0, 0x8AED, 0x0},
    {0x2F9D1, 0x8B8A, 0x0},
    {0x2F9D2, 0x8C55, 0x0},
    {0x2F9D3, 0x27CA8, 0x0},
    {0x2F9D4, 0x8CAB, 0x0},
    {0x2F9D5, 0x8CC1, 0x0},
    {0x2F9D6, 0x8D1B, 0x0},
    {0x2F9D7, 0x8D77, 0x0},
    {0x2F9D8, 0x27F2F, 0x0},
    {0x2F9D9, 0x20804, 0x0},
    {0x2F9DA, 0x8DCB, 0x0},
    {0x2F9DB, 0x8DBC, 0x0},
    {0x2F9DC, 0x8DF0, 0x0},
    {0x2F9DD, 0x208DE, 0x0},
    {0x2F9DE, 0x8ED4, 0x0},
    {0x2F9DF, 0x8F38, 0x0},
    {0x2F9E0, 0x285D2, 0x0},
    {0x2F9E1, 0x285ED, 0x0},
    {0x2F9E2, 0x9094, 0x0},
    {0x2F9E3, 0x90F1, 0x0},
    {0x2F9E4, 0x9111, 0x0},
    {0x2F9E5, 0x2872E, 0x0},
    {0x2F9E6, 0x911B, 0x0},
    {0x2F9E7, 0x9238, 0x0},
    {0x2F9E8, 0x92D7, 0x0},
    {0x2F9E9, 0x92D8, 0x0},
    {0x2F9EA, 0x927C, 0x0},
    {0x2F9EB, 0x93F9, 0x0},
    {0x2F9EC, 0x9415, 0x0},
    {0x2F9ED, 0x28BFA, 0x0},
    {0x2F9EE, 0x958B, 0x0},
    {0x2F9EF, 0x4995, 0x0},
    {0x2F9F0, 0x95B7, 0x0},
    {0x2F9F1, 0x28D77, 0x0},
    {0x2F9F2, 0x49E6, 0x0},
    {0x2F9F3, 0x96C3, 0x0},
    {0x2F9F4, 0x5DB2, 0x0},
    {0x2F9F5, 0x9723, 0x0},
    {0x2F9F6, 0x29145, 0x0},
    {0x2F9F7, 0x2921A, 0x0},
    {0x2F9F8, 0x4A6E, 0x0},
    {0x2F9F9, 0x4A76, 0x0},
    {0x2F9FA, 0x97E0, 0x0},
    {0x2F9FB, 0x2940A, 0x0},
    {0x2F9FC, 0x4AB2, 0x0},
    {0x2F9FD, 0x29496, 0x0},
    {0x2F9FE, 0x980B, 0x0},
    {0x2F9FF, 0x980B, 0x0},
    {0x2FA00, 0x9829, 0x0},
    {0x2FA01, 0x295B6, 0x0},
    {0x2FA02, 0x98E2, 0x0},
    {0x2FA03, 0x4B33, 0x0},
    {0x2FA04, 0x9929, 0x0},
    {0x2FA05, 0x99A7, 0x0},
    {0x2FA06, 0x99C2, 0x0},
    {0x2FA07, 0x99FE, 0x0},
    {0x2FA08, 0x4BCE, 0x0},
    {0x2FA09, 0x29B30, 0x0},
    {0x2FA0A, 0x9B12, 0x0},
    {0x2FA0B, 0x9C40, 0x0},
    {0x2FA0C, 0x9CFD, 0x0},
    {0x2FA0D, 0x4CCE, 0x0},
    {0x2FA0E, 0x4CED, 0x0},
    {0x2FA0F, 0x9D67, 0x0},
    {0x2FA10, 0x2A0CE, 0x0},
    {0x2FA11, 0x4CF8, 0x0},
    {0x2FA12, 0x2A105, 0x0},
    {0x2FA13, 0x2A20E, 0x0},
    {0x2FA14, 0x2A291, 0x0},
    {0x2FA15, 0x9EBB, 0x0},
    {0x2FA16, 0x4D56, 0x0},
    {0x2FA17, 0x9EF9, 0x0},
    {0x2FA18, 0x9EFE, 0x0},
    {0x2FA19, 0x9F05, 0x0},
    {0x2FA1A, 0x9F0F, 0x0},
    {0x2FA1B, 0x9F16, 0x0},
    {0x2FA1C, 0x9F3B, 0x0},
    {0x2FA1D, 0x2A600, 0x0},
};

static const Ccc CCCS[922] = {
    {0x300, 230},
    {0x301, 230},
    {0x302, 230},
    {0x303, 230},
    {0x304, 230},
    {0x305, 230},
    {0x306, 230},
    {0x307, 230},
    {0x308, 230},
    {0x309, 230},
    {0x30A, 230},
    {0x30B, 230},
    {0x30C, 230},
    {0x30D, 230},
    {0x30E, 230},
    {0x30F, 230},
    {0x310, 230},
    {0x311, 230},
    {0x312, 230},
    {0x313, 230},
    {0x314, 230},
    {0x315, 232},
    {0x316, 220},
    {0x317, 220},
    {0x318, 220},
    {0x319, 220},
    {0x31A, 232},
    {0x31B, 216},
    {0x31C, 220},
    {0x31D, 220},
    {0x31E, 220},
    {0x31F, 220},
    {0x320, 220},
    {0x321, 202},
    {0x322, 202},
    {0x323, 220},
    {0x324, 220},
    {0x325, 220},
    {0x326, 220},
    {0x327, 202},
    {0x328, 202},
    {0x329, 220},
    {0x32A, 220},
    {0x32B, 220},
    {0x32C, 220},
    {0x32D, 220},
    {0x32E, 220},
    {0x32F, 220},
    {0x330, 220},
    {0x331, 220},
    {0x332, 220},
    {0x333, 220},
    {0x334, 1},
    {0x335, 1},
    {0x336, 1},
    {0x337, 1},
    {0x338, 1},
    {0x339, 220},
    {0x33A, 220},
    {0x33B, 220},
    {0x33C, 220},
    {0x33D, 230},
    {0x33E, 230},
    {0x33F, 230},
    {0x340, 230},
    {0x341, 230},
    {0x342, 230},
    {0x343, 230},
    {0x344, 230},
    {0x345, 240},
    {0x346, 230},
    {0x347, 220},
    {0x348, 220},
    {0x349, 220},
    {0x34A, 230},
    {0x34B, 230},
    {0x34C, 230},
    {0x34D, 220},
    {0x34E, 220},
    {0x350, 230},
    {0x351, 230},
    {0x352, 230},
    {0x353, 220},
    {0x354, 220},
    {0x355, 220},
    {0x356, 220},
    {0x357, 230},
    {0x358, 232},
    {0x359, 220},
    {0x35A, 220},
    {0x35B, 230},
    {0x35C, 233},
    {0x35D, 234},
    {0x35E, 234},
    {0x35F, 233},
    {0x360, 234},
    {0x361, 234},
    {0x362, 233},
    {0x363, 230},
    {0x364, 230},
    {0x365, 230},
    {0x366, 230},
    {0x367, 230},
    {0x368, 230},
    {0x369, 230},
    {0x36A, 230},
    {0x36B, 230},
    {0x36C, 230},
    {0x36D, 230},
    {0x36E, 230},
    {0x36F, 230},
    {0x483, 230},
    {0x484, 230},
    {0x485, 230},
    {0x486, 230},
    {0x487, 230},
    {0x591, 220},
    {0x592, 230},
    {0x593, 230},
    {0x594, 230},
    {0x595, 230},
    {0x596, 220},
    {0x597, 230},
    {0x598, 230},
    {0x599, 230},
    {0x59A, 222},
    {0x59B, 220},
    {0x59C, 230},
    {0x59D, 230},
    {0x59E, 230},
    {0x59F, 230},
    {0x5A0, 230},
    {0x5A1, 230},
    {0x5A2, 220},
    {0x5A3, 220},
    {0x5A4, 220},
    {0x5A5, 220},
    {0x5A6, 220},
    {0x5A7, 220},
    {0x5A8, 230},
    {0x5A9, 230},
    {0x5AA, 220},
    {0x5AB, 230},
    {0x5AC, 230},
    {0x5AD, 222},
    {0x5AE, 228},
    {0x5AF, 230},
    {0x5B0, 10},
    {0x5B1, 11},
    {0x5B2, 12},
    {0x5B3, 13},
    {0x5B4, 14},
    {0x5B5, 15},
    {0x5B6, 16},
    {0x5B7, 17},
    {0x5B8, 18},
    {0x5B9, 19},
    {0x5BA, 19},
    {0x5BB, 20},
    {0x5BC, 21},
    {0x5BD, 22},
    {0x5BF, 23},
    {0x5C1, 24},
    {0x5C2, 25},
    {0x5C4, 230},
    {0x5C5, 220},
    {0x5C7, 18},
    {0x610, 230},
    {0x611, 230},
    {0x612, 230},
    {0x613, 230},
    {0x614, 230},
    {0x615, 230},
    {0x616, 230},
    {0x617, 230},
    {0x618, 30},
    {0x619, 31},
    {0x61A, 32},
    {0x64B, 27},
    {0x64C, 28},
    {0x64D, 29},
    {0x64E, 30},
    {0x64F, 31},
    {0x650, 32},
    {0x651, 33},
    {0x652, 34},
    {0x653, 230},
    {0x654, 230},
    {0x655, 220},
    {0x656, 220},
    {0x657, 230},
    {0x658, 230},
    {0x659, 230},
    {0x65A, 230},
    {0x65B, 230},
    {0x65C, 220},
    {0x65D, 230},
    {0x65E, 230},
    {0x65F, 220},
    {0x670, 35},
    {0x6D6, 230},
    {0x6D7, 230},
    {0x6D8, 230},
    {0x6D9, 230},
    {0x6DA, 230},
    {0x6DB, 230},
    {0x6DC, 230},
    {0x6DF, 230},
    {0x6E0, 230},
    {0x6E1, 230},
    {0x6E2, 230},
    {0x6E3, 220},
    {0x6E4, 230},
    {0x6E7, 230},
    {0x6E8, 230},
    {0x6EA, 220},
    {0x6EB, 230},
    {0x6EC, 230},
    {0x6ED, 220},
    {0x711, 36},
    {0x730, 230},
    {0x731, 220},
    {0x732, 230},
    {0x733, 230},
    {0x734, 220},
    {0x735, 230},
    {0x736, 230},
    {0x737, 220},
    {0x738, 220},
    {0x739, 220},
    {0x73A, 230},
    {0x73B, 220},
    {0x73C, 220},
    {0x73D, 230},
    {0x73E, 220},
    {0x73F, 230},
    {0x740, 230},
    {0x741, 230},
    {0x742, 220},
    {0x743, 230},
    {0x744, 220},
    {0x745, 230},
    {0x746, 220},
    {0x747, 230},
    {0x748, 220},
    {0x749, 230},
    {0x74A, 230},
    {0x7EB, 230},
    {0x7EC, 230},
    {0x7ED, 230},
    {0x7EE, 230},
    {0x7EF, 230},
    {0x7F0, 230},
    {0x7F1, 230},
    {0x7F2, 220},
    {0x7F3, 230},
    {0x7FD, 220},
    {0x816, 230},
    {0x817, 230},
    {0x818, 230},
    {0x819, 230},
    {0x81B, 230},
    {0x81C, 230},
    {0x81D, 230},
    {0x81E, 230},
    {0x81F, 230},
    {0x820, 230},
    {0x821, 230},
    {0x822, 230},
    {0x823, 230},
    {0x825, 230},
    {0x826, 230},
    {0x827, 230},
    {0x829, 230},
    {0x82A, 230},
    {0x82B, 230},
    {0x82C, 230},
    {0x82D, 230},
    {0x859, 220},
    {0x85A, 220},
    {0x85B, 220},
    {0x898, 230},
    {0x899, 220},
    {0x89A, 220},
    {0x89B, 220},
    {0x89C, 230},
    {0x89D, 230},
    {0x89E, 230},
    {0x89F, 230},
    {0x8CA, 230},
    {0x8CB, 230},
    {0x8CC, 230},
    {0x8CD, 230},
    {0x8CE, 230},
    {0x8CF, 220},
    {0x8D0, 220},
    {0x8D1, 220},
    {0x8D2, 220},
    {0x8D3, 220},
    {0x8D4, 230},
    {0x8D5, 230},
    {0x8D6, 230},
    {0x8D7, 230},
    {0x8D8, 230},
    {0x8D9, 230},
    {0x8DA, 230},
    {0x8DB, 230},
    {0x8DC, 230},
    {0x8DD, 230},
    {0x8DE, 230},
    {0x8DF, 230},
    {0x8E0, 230},
    {0x8E1, 230},
    {0x8E3, 220},
    {0x8E4, 230},
    {0x8E5, 230},
    {0x8E6, 220},
    {0x8E7, 230},
    {0x8E8, 230},
    {0x8E9, 220},
    {0x8EA, 230},
    {0x8EB, 230},
    {0x8EC, 230},
    {0x8ED, 220},
    {0x8EE, 220},
    {0x8EF, 220},
    {0x8F0, 27},
    {0x8F1, 28},
    {0x8F2, 29},
    {0x8F3, 230},
    {0x8F4, 230},
    {0x8F5, 230},
    {0x8F6, 220},
    {0x8F7, 230},
    {0x8F8, 230},
    {0x8F9, 220},
    {0x8FA, 220},
    {0x8FB, 230},
    {0x8FC, 230},
    {0x8FD, 230},
    {0x8FE, 230},
    {0x8FF, 230},
    {0x93C, 7},
    {0x94D, 9},
    {0x951, 230},
    {0x952, 220},
    {0x953, 230},
    {0x954, 230},
    {0x9BC, 7},
    {0x9CD, 9},
    {0x9FE, 230},
    {0xA3C, 7},
    {0xA4D, 9},
    {0xABC, 7},
    {0xACD, 9},
    {0xB3C, 7},
    {0xB4D, 9},
    {0xBCD, 9},
    {0xC3C, 7},
    {0xC4D, 9},
    {0xC55, 84},
    {0xC56, 91},
    {0xCBC, 7},
    {0xCCD, 9},
    {0xD3B, 9},
    {0xD3C, 9},
    {0xD4D, 9},
    {0xDCA, 9},
    {0xE38, 103},
    {0xE39, 103},
    {0xE3A, 9},
    {0xE48, 107},
    {0xE49, 107},
    {0xE4A, 107},
    {0xE4B, 107},
    {0xEB8, 118},
    {0xEB9, 118},
    {0xEBA, 9},
    {0xEC8, 122},
    {0xEC9, 122},
    {0xECA, 122},
    {0xECB, 122},
    {0xF18, 220},
    {0xF19, 220},
    {0xF35, 220},
    {0xF37, 220},
    {0xF39, 216},
    {0xF71, 129},
    {0xF72, 130},
    {0xF74, 132},
    {0xF7A, 130},
    {0xF7B, 130},
    {0xF7C, 130},
    {0xF7D, 130},
    {0xF80, 130},
    {0xF82, 230},
    {0xF83, 230},
    {0xF84, 9},
    {0xF86, 230},
    {0xF87, 230},
    {0xFC6, 220},
    {0x1037, 7},
    {0x1039, 9},
    {0x103A, 9},
    {0x108D, 220},
    {0x135D, 230},
    {0x135E, 230},
    {0x135F, 230},
    {0x1714, 9},
    {0x1715, 9},
    {0x1734, 9},
    {0x17D2, 9},
    {0x17DD, 230},
    {0x18A9, 228},
    {0x1939, 222},
    {0x193A, 230},
    {0x193B, 220},
    {0x1A17, 230},
    {0x1A18, 220},
    {0x1A60, 9},
    {0x1A75, 230},
    {0x1A76, 230},
    {0x1A77, 230},
    {0x1A78, 230},
    {0x1A79, 230},
    {0x1A7A, 230},
    {0x1A7B, 230},
    {0x1A7C, 230},
    {0x1A7F, 220},
    {0x1AB0, 230},
    {0x1AB1, 230},
    {0x1AB2, 230},
    {0x1AB3, 230},
    {0x1AB4, 230},
    {0x1AB5, 220},
    {0x1AB6, 220},
    {0x1AB7, 220},
    {0x1AB8, 220},
    {0x1AB9, 220},
    {0x1ABA, 220},
    {0x1ABB, 230},
    {0x1ABC, 230},
    {0x1ABD, 220},
    {0x1ABF, 220},
    {0x1AC0, 220},
    {0x1AC1, 230},
    {0x1AC2, 230},
    {0x1AC3, 220},
    {0x1AC4, 220},
    {0x1AC5, 230},
    {0x1AC6, 230},
    {0x1AC7, 230},
    {0x1AC8, 230},
    {0x1AC9, 230},
    {0x1ACA, 220},
    {0x1ACB, 230},
    {0x1ACC, 230},
    {0x1ACD, 230},
    {0x1ACE, 230},
    {0x1B34, 7},
    {0x1B44, 9},
    {0x1B6B, 230},
    {0x1B6C, 220},
    {0x1B6D, 230},
    {0x1B6E, 230},
    {0x1B6F, 230},
    {0x1B70, 230},
    {0x1B71, 230},
    {0x1B72, 230},
    {0x1B73, 230},
    {0x1BAA, 9},
    {0x1BAB, 9},
    {0x1BE6, 7},
    {0x1BF2, 9},
    {0x1BF3, 9},
    {0x1C37, 7},
    {0x1CD0, 230},
    {0x1CD1, 230},
    {0x1CD2, 230},
    {0x1CD4, 1},
    {0x1CD5, 220},
    {0x1CD6, 220},
    {0x1CD7, 220},
    {0x1CD8, 220},
    {0x1CD9, 220},
    {0x1CDA, 230},
    {0x1CDB, 230},
    {0x1CDC, 220},
    {0x1CDD, 220},
    {0x1CDE, 220},
    {0x1CDF, 220},
    {0x1CE0, 230},
    {0x1CE2, 1},
    {0x1CE3, 1},
    {0x1CE4, 1},
    {0x1CE5, 1},
    {0x1CE6, 1},
    {0x1CE7, 1},
    {0x1CE8, 1},
    {0x1CED, 220},
    {0x1CF4, 230},
    {0x1CF8, 230},
    {0x1CF9, 230},
    {0x1DC0, 230},
    {0x1DC1, 230},
    {0x1DC2, 220},
    {0x1DC3, 230},
    {0x1DC4, 230},
    {0x1DC5, 230},
    {0x1DC6, 230},
    {0x1DC7, 230},
    {0x1DC8, 230},
    {0x1DC9, 230},
    {0x1DCA, 220},
    {0x1DCB, 230},
    {0x1DCC, 230},
    {0x1DCD, 234},
    {0x1DCE, 214},
    {0x1DCF, 220},
    {0x1DD0, 202},
    {0x1DD1, 230},
    {0x1DD2, 230},
    {0x1DD3, 230},
    {0x1DD4, 230},
    {0x1DD5, 230},
    {0x1DD6, 230},
    {0x1DD7, 230},
    {0x1DD8, 230},
    {0x1DD9, 230},
    {0x1DDA, 230},
    {0x1DDB, 230},
    {0x1DDC, 230},
    {0x1DDD, 230},
    {0x1DDE, 230},
    {0x1DDF, 230},
    {0x1DE0, 230},
    {0x1DE1, 230},
    {0x1DE2, 230},
    {0x1DE3, 230},
    {0x1DE4, 230},
    {0x1DE5, 230},
    {0x1DE6, 230},
    {0x1DE7, 230},
    {0x1DE8, 230},
    {0x1DE9, 230},
    {0x1DEA, 230},
    {0x1DEB, 230},
    {0x1DEC, 230},
    {0x1DED, 230},
    {0x1DEE, 230},
    {0x1DEF, 230},
    {0x1DF0, 230},
    {0x1DF1, 230},
    {0x1DF2, 230},
    {0x1DF3, 230},
    {0x1DF4, 230},
    {0x1DF5, 230},
    {0x1DF6, 232},
    {0x1DF7, 228},
    {0x1DF8, 228},
    {0x1DF9, 220},
    {0x1DFA, 218},
    {0x1DFB, 230},
    {0x1DFC, 233},
    {0x1DFD, 220},
    {0x1DFE, 230},
    {0x1DFF, 220},
    {0x20D0, 230},
    {0x20D1, 230},
    {0x20D2, 1},
    {0x20D3, 1},
    {0x20D4, 230},
    {0x20D5, 230},
    {0x20D6, 230},
    {0x20D7, 230},
    {0x20D8, 1},
    {0x20D9, 1},
    {0x20DA, 1},
    {0x20DB, 230},
    {0x20DC, 230},
    {0x20E1, 230},
    {0x20E5, 1},
    {0x20E6, 1},
    {0x20E7, 230},
    {0x20E8, 220},
    {0x20E9, 230},
    {0x20EA, 1},
    {0x20EB, 1},
    {0x20EC, 220},
    {0x20ED, 220},
    {0x20EE, 220},
    {0x20EF, 220},
    {0x20F0, 230},
    {0x2CEF, 230},
    {0x2CF0, 230},
    {0x2CF1, 230},
    {0x2D7F, 9},
    {0x2DE0, 230},
    {0x2DE1, 230},
    {0x2DE2, 230},
    {0x2DE3, 230},
    {0x2DE4, 230},
    {0x2DE5, 230},
    {0x2DE6, 230},
    {0x2DE7, 230},
    {0x2DE8, 230},
    {0x2DE9, 230},
    {0x2DEA, 230},
    {0x2DEB, 230},
    {0x2DEC, 230},
    {0x2DED, 230},
    {0x2DEE, 230},
    {0x2DEF, 230},
    {0x2DF0, 230},
    {0x2DF1, 230},
    {0x2DF2, 230},
    {0x2DF3, 230},
    {0x2DF4, 230},
    {0x2DF5, 230},
    {0x2DF6, 230},
    {0x2DF7, 230},
    {0x2DF8, 230},
    {0x2DF9, 230},
    {0x2DFA, 230},
    {0x2DFB, 230},
    {0x2DFC, 230},
    {0x2DFD, 230},
    {0x2DFE, 230},
    {0x2DFF, 230},
    {0x302A, 218},
    {0x302B, 228},
    {0x302C, 232},
    {0x302D, 222},
    {0x302E, 224},
    {0x302F, 224},
    {0x3099, 8},
    {0x309A, 8},
    {0xA66F, 230},
    {0xA674, 230},
    {0xA675, 230},
    {0xA676, 230},
    {0xA677, 230},
    {0xA678, 230},
    {0xA679, 230},
    {0xA67A, 230},
    {0xA67B, 230},
    {0xA67C, 230},
    {0xA67D, 230},
    {0xA69E, 230},
    {0xA69F, 230},
    {0xA6F0, 230},
    {0xA6F1, 230},
    {0xA806, 9},
    {0xA82C, 9},
    {0xA8C4, 9},
    {0xA8E0, 230},
    {0xA8E1, 230},
    {0xA8E2, 230},
    {0xA8E3, 230},
    {0xA8E4, 230},
    {0xA8E5, 230},
    {0xA8E6, 230},
    {0xA8E7, 230},
    {0xA8E8, 230},
    {0xA8E9, 230},
    {0xA8EA, 230},
    {0xA8EB, 230},
    {0xA8EC, 230},
    {0xA8ED, 230},
    {0xA8EE, 230},
    {0xA8EF, 230},
    {0xA8F0, 230},
    {0xA8F1, 230},
    {0xA92B, 220},
    {0xA92C, 220},
    {0xA92D, 220},
    {0xA953, 9},
    {0xA9B3, 7},
    {0xA9C0, 9},
    {0xAAB0, 230},
    {0xAAB2, 230},
    {0xAAB3, 230},
    {0xAAB4, 220},
    {0xAAB7, 230},
    {0xAAB8, 230},
    {0xAABE, 230},
    {0xAABF, 230},
    {0xAAC1, 230},
    {0xAAF6, 9},
    {0xABED, 9},
    {0xFB1E, 26},
    {0xFE20, 230},
    {0xFE21, 230},
    {0xFE22, 230},
    {0xFE23, 230},
    {0xFE24, 230},
    {0xFE25, 230},
    {0xFE26, 230},
    {0xFE27, 220},
    {0xFE28, 220},
    {0xFE29, 220},
    {0xFE2A, 220},
    {0xFE2B, 220},
    {0xFE2C, 220},
    {0xFE2D, 220},
    {0xFE2E, 230},
    {0xFE2F, 230},
    {0x101FD, 220},
    {0x102E0, 220},
    {0x10376, 230},
    {0x10377, 230},
    {0x10378, 230},
    {0x10379, 230},
    {0x1037A, 230},
    {0x10A0D, 220},
    {0x10A0F, 230},
    {0x10A38, 230},
    {0x10A39, 1},
    {0x10A3A, 220},
    {0x10A3F, 9},
    {0x10AE5, 230},
    {0x10AE6, 220},
    {0x10D24, 230},
    {0x10D25, 230},
    {0x10D26, 230},
    {0x10D27, 230},
    {0x10EAB, 230},
    {0x10EAC, 230},
    {0x10EFD, 220},
    {0x10EFE, 220},
    {0x10EFF, 220},
    {0x10F46, 220},
    {0x10F47, 220},
    {0x10F48, 230},
    {0x10F49, 230},
    {0x10F4A, 230},
    {0x10F4B, 220},
    {0x10F4C, 230},
    {0x10F4D, 220},
    {0x10F4E, 220},
    {0x10F4F, 220},
    {0x10F50, 220},
    {0x10F82, 230},
    {0x10F83, 220},
    {0x10F84, 230},
    {0x10F85, 220},
    {0x11046, 9},
    {0x11070, 9},
    {0x1107F, 9},
    {0x110B9, 9},
    {0x110BA, 7},
    {0x11100, 230},
    {0x11101, 230},
    {0x11102, 230},
    {0x11133, 9},
    {0x11134, 9},
    {0x11173, 7},
    {0x111C0, 9},
    {0x111CA, 7},
    {0x11235, 9},
    {0x11236, 7},
    {0x112E9, 7},
    {0x112EA, 9},
    {0x1133B, 7},
    {0x1133C, 7},
    {0x1134D, 9},
    {0x11366, 230},
    {0x11367, 230},
    {0x11368, 230},
    {0x11369, 230},
    {0x1136A, 230},
    {0x1136B, 230},
    {0x1136C, 230},
    {0x11370, 230},
    {0x11371, 230},
    {0x11372, 230},
    {0x11373, 230},
    {0x11374, 230},
    {0x11442, 9},
    {0x11446, 7},
    {0x1145E, 230},
    {0x114C2, 9},
    {0x114C3, 7},
    {0x115BF, 9},
    {0x115C0, 7},
    {0x1163F, 9},
    {0x116B6, 9},
    {0x116B7, 7},
    {0x1172B, 9},
    {0x11839, 9},
    {0x1183A, 7},
    {0x1193D, 9},
    {0x1193E, 9},
    {0x11943, 7},
    {0x119E0, 9},
    {0x11A34, 9},
    {0x11A47, 9},
    {0x11A99, 9},
    {0x11C3F, 9},
    {0x11D42, 7},
    {0x11D44, 9},
    {0x11D45, 9},
    {0x11D97, 9},
    {0x11F41, 9},
    {0x11F42, 9},
    {0x16AF0, 1},
    {0x16AF1, 1},
    {0x16AF2, 1},
    {0x16AF3, 1},
    {0x16AF4, 1},
    {0x16B30, 230},
    {0x16B31, 230},
    {0x16B32, 230},
    {0x16B33, 230},
    {0x16B34, 230},
    {0x16B35, 230},
    {0x16B36, 230},
    {0x16FF0, 6},
    {0x16FF1, 6},
    {0x1BC9E, 1},
    {0x1D165, 216},
    {0x1D166, 216},
    {0x1D167, 1},
    {0x1D168, 1},
    {0x1D169, 1},
    {0x1D16D, 226},
    {0x1D16E, 216},
    {0x1D16F, 216},
    {0x1D170, 216},
    {0x1D171, 216},
    {0x1D172, 216},
    {0x1D17B, 220},
    {0x1D17C, 220},
    {0x1D17D, 220},
    {0x1D17E, 220},
    {0x1D17F, 220},
    {0x1D180, 220},
    {0x1D181, 220},
    {0x1D182, 220},
    {0x1D185, 230},
    {0x1D186, 230},
    {0x1D187, 230},
    {0x1D188, 230},
    {0x1D189, 230},
    {0x1D18A, 220},
    {0x1D18B, 220},
    {0x1D1AA, 230},
    {0x1D1AB, 230},
    {0x1D1AC, 230},
    {0x1D1AD, 230},
    {0x1D242, 230},
    {0x1D243, 230},
    {0x1D244, 230},
    {0x1E000, 230},
    {0x1E001, 230},
    {0x1E002, 230},
    {0x1E003, 230},
    {0x1E004, 230},
    {0x1E005, 230},
    {0x1E006, 230},
    {0x1E008, 230},
    {0x1E009, 230},
    {0x1E00A, 230},
    {0x1E00B, 230},
    {0x1E00C, 230},
    {0x1E00D, 230},
    {0x1E00E, 230},
    {0x1E00F, 230},
    {0x1E010, 230},
    {0x1E011, 230},
    {0x1E012, 230},
    {0x1E013, 230},
    {0x1E014, 230},
    {0x1E015, 230},
    {0x1E016, 230},
    {0x1E017, 230},
    {0x1E018, 230},
    {0x1E01B, 230},
    {0x1E01C, 230},
    {0x1E01D, 230},
    {0x1E01E, 230},
    {0x1E01F, 230},
    {0x1E020, 230},
    {0x1E021, 230},
    {0x1E023, 230},
    {0x1E024, 230},
    {0x1E026, 230},
    {0x1E027, 230},
    {0x1E028, 230},
    {0x1E029, 230},
    {0x1E02A, 230},
    {0x1E08F, 230},
    {0x1E130, 230},
    {0x1E131, 230},
    {0x1E132, 230},
    {0x1E133, 230},
    {0x1E134, 230},
    {0x1E135, 230},
    {0x1E136, 230},
    {0x1E2AE, 230},
    {0x1E2EC, 230},
    {0x1E2ED, 230},
    {0x1E2EE, 230},
    {0x1E2EF, 230},
    {0x1E4EC, 232},
    {0x1E4ED, 232},
    {0x1E4EE, 220},
    {0x1E4EF, 230},
    {0x1E8D0, 220},
    {0x1E8D1, 220},
    {0x1E8D2, 220},
    {0x1E8D3, 220},
    {0x1E8D4, 220},
    {0x1E8D5, 220},
    {0x1E8D6, 220},
    {0x1E944, 230},
    {0x1E945, 230},
    {0x1E946, 230},
    {0x1E947, 230},
    {0x1E948, 230},
    {0x1E949, 230},
    {0x1E94A, 7},
};

// primary composites {a, b, composed}, sorted by (a, b)
static const Comp COMPS[941] = {
    {0x3C, 0x338, 0x226E},
    {0x3D, 0x338, 0x2260},
    {0x3E, 0x338, 0x226F},
    {0x41, 0x300, 0xC0},
    {0x41, 0x301, 0xC1},
    {0x41, 0x302, 0xC2},
    {0x41, 0x303, 0xC3},
    {0x41, 0x304, 0x100},
    {0x41, 0x306, 0x102},
    {0x41, 0x307, 0x226},
    {0x41, 0x308, 0xC4},
    {0x41, 0x309, 0x1EA2},
    {0x41, 0x30A, 0xC5},
    {0x41, 0x30C, 0x1CD},
    {0x41, 0x30F, 0x200},
    {0x41, 0x311, 0x202},
    {0x41, 0x323, 0x1EA0},
    {0x41, 0x325, 0x1E00},
    {0x41, 0x328, 0x104},
    {0x42, 0x307, 0x1E02},
    {0x42, 0x323, 0x1E04},
    {0x42, 0x331, 0x1E06},
    {0x43, 0x301, 0x106},
    {0x43, 0x302, 0x108},
    {0x43, 0x307, 0x10A},
    {0x43, 0x30C, 0x10C},
    {0x43, 0x327, 0xC7},
    {0x44, 0x307, 0x1E0A},
    {0x44, 0x30C, 0x10E},
    {0x44, 0x323, 0x1E0C},
    {0x44, 0x327, 0x1E10},
    {0x44, 0x32D, 0x1E12},
    {0x44, 0x331, 0x1E0E},
    {0x45, 0x300, 0xC8},
    {0x45, 0x301, 0xC9},
    {0x45, 0x302, 0xCA},
    {0x45, 0x303, 0x1EBC},
    {0x45, 0x304, 0x112},
    {0x45, 0x306, 0x114},
    {0x45, 0x307, 0x116},
    {0x45, 0x308, 0xCB},
    {0x45, 0x309, 0x1EBA},
    {0x45, 0x30C, 0x11A},
    {0x45, 0x30F, 0x204},
    {0x45, 0x311, 0x206},
    {0x45, 0x323, 0x1EB8},
    {0x45, 0x327, 0x228},
    {0x45, 0x328, 0x118},
    {0x45, 0x32D, 0x1E18},
    {0x45, 0x330, 0x1E1A},
    {0x46, 0x307, 0x1E1E},
    {0x47, 0x301, 0x1F4},
    {0x47, 0x302, 0x11C},
    {0x47, 0x304, 0x1E20},
    {0x47, 0x306, 0x11E},
    {0x47, 0x307, 0x120},
    {0x47, 0x30C, 0x1E6},
    {0x47, 0x327, 0x122},
    {0x48, 0x302, 0x124},
    {0x48, 0x307, 0x1E22},
    {0x48, 0x308, 0x1E26},
    {0x48, 0x30C, 0x21E},
    {0x48, 0x323, 0x1E24},
    {0x48, 0x327, 0x1E28},
    {0x48, 0x32E, 0x1E2A},
    {0x49, 0x300, 0xCC},
    {0x49, 0x301, 0xCD},
    {0x49, 0x302, 0xCE},
    {0x49, 0x303, 0x128},
    {0x49, 0x304, 0x12A},
    {0x49, 0x306, 0x12C},
    {0x49, 0x307, 0x130},
    {0x49, 0x308, 0xCF},
    {0x49, 0x309, 0x1EC8},
    {0x49, 0x30C, 0x1CF},
    {0x49, 0x30F, 0x208},
    {0x49, 0x311, 0x20A},
    {0x49, 0x323, 0x1ECA},
    {0x49, 0x328, 0x12E},
    {0x49, 0x330, 0x1E2C},
    {0x4A, 0x302, 0x134},
    {0x4B, 0x301, 0x1E30},
    {0x4B, 0x30C, 0x1E8},
    {0x4B, 0x323, 0x1E32},
    {0x4B, 0x327, 0x136},
    {0x4B, 0x331, 0x1E34},
    {0x4C, 0x301, 0x139},
    {0x4C, 0x30C, 0x13D},
    {0x4C, 0x323, 0x1E36},
    {0x4C, 0x327, 0x13B},
    {0x4C, 0x32D, 0x1E3C},
    {0x4C, 0x331, 0x1E3A},
    {0x4D, 0x301, 0x1E3E},
    {0x4D, 0x307, 0x1E40},
    {0x4D, 0x323, 0x1E42},
    {0x4E, 0x300, 0x1F8},
    {0x4E, 0x301, 0x143},
    {0x4E, 0x303, 0xD1},
    {0x4E, 0x307, 0x1E44},
    {0x4E, 0x30C, 0x147},
    {0x4E, 0x323, 0x1E46},
    {0x4E, 0x327, 0x145},
    {0x4E, 0x32D, 0x1E4A},
    {0x4E, 0x331, 0x1E48},
    {0x4F, 0x300, 0xD2},
    {0x4F, 0x301, 0xD3},
    {0x4F, 0x302, 0xD4},
    {0x4F, 0x303, 0xD5},
    {0x4F, 0x304, 0x14C},
    {0x4F, 0x306, 0x14E},
    {0x4F, 0x307, 0x22E},
    {0x4F, 0x308, 0xD6},
    {0x4F, 0x309, 0x1ECE},
    {0x4F, 0x30B, 0x150},
    {0x4F, 0x30C, 0x1D1},
    {0x4F, 0x30F, 0x20C},
    {0x4F, 0x311, 0x20E},
    {0x4F, 0x31B, 0x1A0},
    {0x4F, 0x323, 0x1ECC},
    {0x4F, 0x328, 0x1EA},
    {0x50, 0x301, 0x1E54},
    {0x50, 0x307, 0x1E56},
    {0x52, 0x301, 0x154},
    {0x52, 0x307, 0x1E58},
    {0x52, 0x30C, 0x158},
    {0x52, 0x30F, 0x210},
    {0x52, 0x311, 0x212},
    {0x52, 0x323, 0x1E5A},
    {0x52, 0x327, 0x156},
    {0x52, 0x331, 0x1E5E},
    {0x53, 0x301, 0x15A},
    {0x53, 0x302, 0x15C},
    {0x53, 0x307, 0x1E60},
    {0x53, 0x30C, 0x160},
    {0x53, 0x323, 0x1E62},
    {0x53, 0x326, 0x218},
    {0x53, 0x327, 0x15E},
    {0x54, 0x307, 0x1E6A},
    {0x54, 0x30C, 0x164},
    {0x54, 0x323, 0x1E6C},
    {0x54, 0x326, 0x21A},
    {0x54, 0x327, 0x162},
    {0x54, 0x32D, 0x1E70},
    {0x54, 0x331, 0x1E6E},
    {0x55, 0x300, 0xD9},
    {0x55, 0x301, 0xDA},
    {0x55, 0x302, 0xDB},
    {0x55, 0x303, 0x168},
    {0x55, 0x304, 0x16A},
    {0x55, 0x306, 0x16C},
    {0x55, 0x308, 0xDC},
    {0x55, 0x309, 0x1EE6},
    {0x55, 0x30A, 0x16E},
    {0x55, 0x30B, 0x170},
    {0x55, 0x30C, 0x1D3},
    {0x55, 0x30F, 0x214},
    {0x55, 0x311, 0x216},
    {0x55, 0x31B, 0x1AF},
    {0x55, 0x323, 0x1EE4},
    {0x55, 0x324, 0x1E72},
    {0x55, 0x328, 0x172},
    {0x55, 0x32D, 0x1E76},
    {0x55, 0x330, 0x1E74},
    {0x56, 0x303, 0x1E7C},
    {0x56, 0x323, 0x1E7E},
    {0x57, 0x300, 0x1E80},
    {0x57, 0x301, 0x1E82},
    {0x57, 0x302, 0x174},
    {0x57, 0x307, 0x1E86},
    {0x57, 0x308, 0x1E84},
    {0x57, 0x323, 0x1E88},
    {0x58, 0x307, 0x1E8A},
    {0x58, 0x308, 0x1E8C},
    {0x59, 0x300, 0x1EF2},
    {0x59, 0x301, 0xDD},
    {0x59, 0x302, 0x176},
    {0x59, 0x303, 0x1EF8},
    {0x59, 0x304, 0x232},
    {0x59, 0x307, 0x1E8E},
    {0x59, 0x308, 0x178},
    {0x59, 0x309, 0x1EF6},
    {0x59, 0x323, 0x1EF4},
    {0x5A, 0x301, 0x179},
    {0x5A, 0x302, 0x1E90},
    {0x5A, 0x307, 0x17B},
    {0x5A, 0x30C, 0x17D},
    {0x5A, 0x323, 0x1E92},
    {0x5A, 0x331, 0x1E94},
    {0x61, 0x300, 0xE0},
    {0x61, 0x301, 0xE1},
    {0x61, 0x302, 0xE2},
    {0x61, 0x303, 0xE3},
    {0x61, 0x304, 0x101},
    {0x61, 0x306, 0x103},
    {0x61, 0x307, 0x227},
    {0x61, 0x308, 0xE4},
    {0x61, 0x309, 0x1EA3},
    {0x61, 0x30A, 0xE5},
    {0x61, 0x30C, 0x1CE},
    {0x61, 0x30F, 0x201},
    {0x61, 0x311, 0x203},
    {0x61, 0x323, 0x1EA1},
    {0x61, 0x325, 0x1E01},
    {0x61, 0x328, 0x105},
    {0x62, 0x307, 0x1E03},
    {0x62, 0x323, 0x1E05},
    {0x62, 0x331, 0x1E07},
    {0x63, 0x301, 0x107},
    {0x63, 0x302, 0x109},
    {0x63, 0x307, 0x10B},
    {0x63, 0x30C, 0x10D},
    {0x63, 0x327, 0xE7},
    {0x64, 0x307, 0x1E0B},
    {0x64, 0x30C, 0x10F},
    {0x64, 0x323, 0x1E0D},
    {0x64, 0x327, 0x1E11},
    {0x64, 0x32D, 0x1E13},
    {0x64, 0x331, 0x1E0F},
    {0x65, 0x300, 0xE8},
    {0x65, 0x301, 0xE9},
    {0x65, 0x302, 0xEA},
    {0x65, 0x303, 0x1EBD},
    {0x65, 0x304, 0x113},
    {0x65, 0x306, 0x115},
    {0x65, 0x307, 0x117},
    {0x65, 0x308, 0xEB},
    {0x65, 0x309, 0x1EBB},
    {0x65, 0x30C, 0x11B},
    {0x65, 0x30F, 0x205},
    {0x65, 0x311, 0x207},
    {0x65, 0x323, 0x1EB9},
    {0x65, 0x327, 0x229},
    {0x65, 0x328, 0x119},
    {0x65, 0x32D, 0x1E19},
    {0x65, 0x330, 0x1E1B},
    {0x66, 0x307, 0x1E1F},
    {0x67, 0x301, 0x1F5},
    {0x67, 0x302, 0x11D},
    {0x67, 0x304, 0x1E21},
    {0x67, 0x306, 0x11F},
    {0x67, 0x307, 0x121},
    {0x67, 0x30C, 0x1E7},
    {0x67, 0x327, 0x123},
    {0x68, 0x302, 0x125},
    {0x68, 0x307, 0x1E23},
    {0x68, 0x308, 0x1E27},
    {0x68, 0x30C, 0x21F},
    {0x68, 0x323, 0x1E25},
    {0x68, 0x327, 0x1E29},
    {0x68, 0x32E, 0x1E2B},
    {0x68, 0x331, 0x1E96},
    {0x69, 0x300, 0xEC},
    {0x69, 0x301, 0xED},
    {0x69, 0x302, 0xEE},
    {0x69, 0x303, 0x129},
    {0x69, 0x304, 0x12B},
    {0x69, 0x306, 0x12D},
    {0x69, 0x308, 0xEF},
    {0x69, 0x309, 0x1EC9},
    {0x69, 0x30C, 0x1D0},
    {0x69, 0x30F, 0x209},
    {0x69, 0x311, 0x20B},
    {0x69, 0x323, 0x1ECB},
    {0x69, 0x328, 0x12F},
    {0x69, 0x330, 0x1E2D},
    {0x6A, 0x302, 0x135},
    {0x6A, 0x30C, 0x1F0},
    {0x6B, 0x301, 0x1E31},
    {0x6B, 0x30C, 0x1E9},
    {0x6B, 0x323, 0x1E33},
    {0x6B, 0x327, 0x137},
    {0x6B, 0x331, 0x1E35},
    {0x6C, 0x301, 0x13A},
    {0x6C, 0x30C, 0x13E},
    {0x6C, 0x323, 0x1E37},
    {0x6C, 0x327, 0x13C},
    {0x6C, 0x32D, 0x1E3D},
    {0x6C, 0x331, 0x1E3B},
    {0x6D, 0x301, 0x1E3F},
    {0x6D, 0x307, 0x1E41},
    {0x6D, 0x323, 0x1E43},
    {0x6E, 0x300, 0x1F9},
    {0x6E, 0x301, 0x144},
    {0x6E, 0x303, 0xF1},
    {0x6E, 0x307, 0x1E45},
    {0x6E, 0x30C, 0x148},
    {0x6E, 0x323, 0x1E47},
    {0x6E, 0x327, 0x146},
    {0x6E, 0x32D, 0x1E4B},
    {0x6E, 0x331, 0x1E49},
    {0x6F, 0x300, 0xF2},
    {0x6F, 0x301, 0xF3},
    {0x6F, 0x302, 0xF4},
    {0x6F, 0x303, 0xF5},
    {0x6F, 0x304, 0x14D},
    {0x6F, 0x306, 0x14F},
    {0x6F, 0x307, 0x22F},
    {0x6F, 0x308, 0xF6},
    {0x6F, 0x309, 0x1ECF},
    {0x6F, 0x30B, 0x151},
    {0x6F, 0x30C, 0x1D2},
    {0x6F, 0x30F, 0x20D},
    {0x6F, 0x311, 0x20F},
    {0x6F, 0x31B, 0x1A1},
    {0x6F, 0x323, 0x1ECD},
    {0x6F, 0x328, 0x1EB},
    {0x70, 0x301, 0x1E55},
    {0x70, 0x307, 0x1E57},
    {0x72, 0x301, 0x155},
    {0x72, 0x307, 0x1E59},
    {0x72, 0x30C, 0x159},
    {0x72, 0x30F, 0x211},
    {0x72, 0x311, 0x213},
    {0x72, 0x323, 0x1E5B},
    {0x72, 0x327, 0x157},
    {0x72, 0x331, 0x1E5F},
    {0x73, 0x301, 0x15B},
    {0x73, 0x302, 0x15D},
    {0x73, 0x307, 0x1E61},
    {0x73, 0x30C, 0x161},
    {0x73, 0x323, 0x1E63},
    {0x73, 0x326, 0x219},
    {0x73, 0x327, 0x15F},
    {0x74, 0x307, 0x1E6B},
    {0x74, 0x308, 0x1E97},
    {0x74, 0x30C, 0x165},
    {0x74, 0x323, 0x1E6D},
    {0x74, 0x326, 0x21B},
    {0x74, 0x327, 0x163},
    {0x74, 0x32D, 0x1E71},
    {0x74, 0x331, 0x1E6F},
    {0x75, 0x300, 0xF9},
    {0x75, 0x301, 0xFA},
    {0x75, 0x302, 0xFB},
    {0x75, 0x303, 0x169},
    {0x75, 0x304, 0x16B},
    {0x75, 0x306, 0x16D},
    {0x75, 0x308, 0xFC},
    {0x75, 0x309, 0x1EE7},
    {0x75, 0x30A, 0x16F},
    {0x75, 0x30B, 0x171},
    {0x75, 0x30C, 0x1D4},
    {0x75, 0x30F, 0x215},
    {0x75, 0x311, 0x217},
    {0x75, 0x31B, 0x1B0},
    {0x75, 0x323, 0x1EE5},
    {0x75, 0x324, 0x1E73},
    {0x75, 0x328, 0x173},
    {0x75, 0x32D, 0x1E77},
    {0x75, 0x330, 0x1E75},
    {0x76, 0x303, 0x1E7D},
    {0x76, 0x323, 0x1E7F},
    {0x77, 0x300, 0x1E81},
    {0x77, 0x301, 0x1E83},
    {0x77, 0x302, 0x175},
    {0x77, 0x307, 0x1E87},
    {0x77, 0x308, 0x1E85},
    {0x77, 0x30A, 0x1E98},
    {0x77, 0x323, 0x1E89},
    {0x78, 0x307, 0x1E8B},
    {0x78, 0x308, 0x1E8D},
    {0x79, 0x300, 0x1EF3},
    {0x79, 0x301, 0xFD},
    {0x79, 0x302, 0x177},
    {0x79, 0x303, 0x1EF9},
    {0x79, 0x304, 0x233},
    {0x79, 0x307, 0x1E8F},
    {0x79, 0x308, 0xFF},
    {0x79, 0x309, 0x1EF7},
    {0x79, 0x30A, 0x1E99},
    {0x79, 0x323, 0x1EF5},
    {0x7A, 0x301, 0x17A},
    {0x7A, 0x302, 0x1E91},
    {0x7A, 0x307, 0x17C},
    {0x7A, 0x30C, 0x17E},
    {0x7A, 0x323, 0x1E93},
    {0x7A, 0x331, 0x1E95},
    {0xA8, 0x300, 0x1FED},
    {0xA8, 0x301, 0x385},
    {0xA8, 0x342, 0x1FC1},
    {0xC2, 0x300, 0x1EA6},
    {0xC2, 0x301, 0x1EA4},
    {0xC2, 0x303, 0x1EAA},
    {0xC2, 0x309, 0x1EA8},
    {0xC4, 0x304, 0x1DE},
    {0xC5, 0x301, 0x1FA},
    {0xC6, 0x301, 0x1FC},
    {0xC6, 0x304, 0x1E2},
    {0xC7, 0x301, 0x1E08},
    {0xCA, 0x300, 0x1EC0},
    {0xCA, 0x301, 0x1EBE},
    {0xCA, 0x303, 0x1EC4},
    {0xCA, 0x309, 0x1EC2},
    {0xCF, 0x301, 0x1E2E},
    {0xD4, 0x300, 0x1ED2},
    {0xD4, 0x301, 0x1ED0},
    {0xD4, 0x303, 0x1ED6},
    {0xD4, 0x309, 0x1ED4},
    {0xD5, 0x301, 0x1E4C},
    {0xD5, 0x304, 0x22C},
    {0xD5, 0x308, 0x1E4E},
    {0xD6, 0x304, 0x22A},
    {0xD8, 0x301, 0x1FE},
    {0xDC, 0x300, 0x1DB},
    {0xDC, 0x301, 0x1D7},
    {0xDC, 0x304, 0x1D5},
    {0xDC, 0x30C, 0x1D9},
    {0xE2, 0x300, 0x1EA7},
    {0xE2, 0x301, 0x1EA5},
    {0xE2, 0x303, 0x1EAB},
    {0xE2, 0x309, 0x1EA9},
    {0xE4, 0x304, 0x1DF},
    {0xE5, 0x301, 0x1FB},
    {0xE6, 0x301, 0x1FD},
    {0xE6, 0x304, 0x1E3},
    {0xE7, 0x301, 0x1E09},
    {0xEA, 0x300, 0x1EC1},
    {0xEA, 0x301, 0x1EBF},
    {0xEA, 0x303, 0x1EC5},
    {0xEA, 0x309, 0x1EC3},
    {0xEF, 0x301, 0x1E2F},
    {0xF4, 0x300, 0x1ED3},
    {0xF4, 0x301, 0x1ED1},
    {0xF4, 0x303, 0x1ED7},
    {0xF4, 0x309, 0x1ED5},
    {0xF5, 0x301, 0x1E4D},
    {0xF5, 0x304, 0x22D},
    {0xF5, 0x308, 0x1E4F},
    {0xF6, 0x304, 0x22B},
    {0xF8, 0x301, 0x1FF},
    {0xFC, 0x300, 0x1DC},
    {0xFC, 0x301, 0x1D8},
    {0xFC, 0x304, 0x1D6},
    {0xFC, 0x30C, 0x1DA},
    {0x102, 0x300, 0x1EB0},
    {0x102, 0x301, 0x1EAE},
    {0x102, 0x303, 0x1EB4},
    {0x102, 0x309, 0x1EB2},
    {0x103, 0x300, 0x1EB1},
    {0x103, 0x301, 0x1EAF},
    {0x103, 0x303, 0x1EB5},
    {0x103, 0x309, 0x1EB3},
    {0x112, 0x300, 0x1E14},
    {0x112, 0x301, 0x1E16},
    {0x113, 0x300, 0x1E15},
    {0x113, 0x301, 0x1E17},
    {0x14C, 0x300, 0x1E50},
    {0x14C, 0x301, 0x1E52},
    {0x14D, 0x300, 0x1E51},
    {0x14D, 0x301, 0x1E53},
    {0x15A, 0x307, 0x1E64},
    {0x15B, 0x307, 0x1E65},
    {0x160, 0x307, 0x1E66},
    {0x161, 0x307, 0x1E67},
    {0x168, 0x301, 0x1E78},
    {0x169, 0x301, 0x1E79},
    {0x16A, 0x308, 0x1E7A},
    {0x16B, 0x308, 0x1E7B},
    {0x17F, 0x307, 0x1E9B},
    {0x1A0, 0x300, 0x1EDC},
    {0x1A0, 0x301, 0x1EDA},
    {0x1A0, 0x303, 0x1EE0},
    {0x1A0, 0x309, 0x1EDE},
    {0x1A0, 0x323, 0x1EE2},
    {0x1A1, 0x300, 0x1EDD},
    {0x1A1, 0x301, 0x1EDB},
    {0x1A1, 0x303, 0x1EE1},
    {0x1A1, 0x309, 0x1EDF},
    {0x1A1, 0x323, 0x1EE3},
    {0x1AF, 0x300, 0x1EEA},
    {0x1AF, 0x301, 0x1EE8},
    {0x1AF, 0x303, 0x1EEE},
    {0x1AF, 0x309, 0x1EEC},
    {0x1AF, 0x323, 0x1EF0},
    {0x1B0, 0x300, 0x1EEB},
    {0x1B0, 0x301, 0x1EE9},
    {0x1B0, 0x303, 0x1EEF},
    {0x1B0, 0x309, 0x1EED},
    {0x1B0, 0x323, 0x1EF1},
    {0x1B7, 0x30C, 0x1EE},
    {0x1EA, 0x304, 0x1EC},
    {0x1EB, 0x304, 0x1ED},
    {0x226, 0x304, 0x1E0},
    {0x227, 0x304, 0x1E1},
    {0x228, 0x306, 0x1E1C},
    {0x229, 0x306, 0x1E1D},
    {0x22E, 0x304, 0x230},
    {0x22F, 0x304, 0x231},
    {0x292, 0x30C, 0x1EF},
    {0x391, 0x300, 0x1FBA},
    {0x391, 0x301, 0x386},
    {0x391, 0x304, 0x1FB9},
    {0x391, 0x306, 0x1FB8},
    {0x391, 0x313, 0x1F08},
    {0x391, 0x314, 0x1F09},
    {0x391, 0x345, 0x1FBC},
    {0x395, 0x300, 0x1FC8},
    {0x395, 0x301, 0x388},
    {0x395, 0x313, 0x1F18},
    {0x395, 0x314, 0x1F19},
    {0x397, 0x300, 0x1FCA},
    {0x397, 0x301, 0x389},
    {0x397, 0x313, 0x1F28},
    {0x397, 0x314, 0x1F29},
    {0x397, 0x345, 0x1FCC},
    {0x399, 0x300, 0x1FDA},
    {0x399, 0x301, 0x38A},
    {0x399, 0x304, 0x1FD9},
    {0x399, 0x306, 0x1FD8},
    {0x399, 0x308, 0x3AA},
    {0x399, 0x313, 0x1F38},
    {0x399, 0x314, 0x1F39},
    {0x39F, 0x300, 0x1FF8},
    {0x39F, 0x301, 0x38C},
    {0x39F, 0x313, 0x1F48},
    {0x39F, 0x314, 0x1F49},
    {0x3A1, 0x314, 0x1FEC},
    {0x3A5, 0x300, 0x1FEA},
    {0x3A5, 0x301, 0x38E},
    {0x3A5, 0x304, 0x1FE9},
    {0x3A5, 0x306, 0x1FE8},
    {0x3A5, 0x308, 0x3AB},
    {0x3A5, 0x314, 0x1F59},
    {0x3A9, 0x300, 0x1FFA},
    {0x3A9, 0x301, 0x38F},
    {0x3A9, 0x313, 0x1F68},
    {0x3A9, 0x314, 0x1F69},
    {0x3A9, 0x345, 0x1FFC},
    {0x3AC, 0x345, 0x1FB4},
    {0x3AE, 0x345, 0x1FC4},
    {0x3B1, 0x300, 0x1F70},
    {0x3B1, 0x301, 0x3AC},
    {0x3B1, 0x304, 0x1FB1},
    {0x3B1, 0x306, 0x1FB0},
    {0x3B1, 0x313, 0x1F00},
    {0x3B1, 0x314, 0x1F01},
    {0x3B1, 0x342, 0x1FB6},
    {0x3B1, 0x345, 0x1FB3},
    {0x3B5, 0x300, 0x1F72},
    {0x3B5, 0x301, 0x3AD},
    {0x3B5, 0x313, 0x1F10},
    {0x3B5, 0x314, 0x1F11},
    {0x3B7, 0x300, 0x1F74},
    {0x3B7, 0x301, 0x3AE},
    {0x3B7, 0x313, 0x1F20},
    {0x3B7, 0x314, 0x1F21},
    {0x3B7, 0x342, 0x1FC6},
    {0x3B7, 0x345, 0x1FC3},
    {0x3B9, 0x300, 0x1F76},
    {0x3B9, 0x301, 0x3AF},
    {0x3B9, 0x304, 0x1FD1},
    {0x3B9, 0x306, 0x1FD0},
    {0x3B9, 0x308, 0x3CA},
    {0x3B9, 0x313, 0x1F30},
    {0x3B9, 0x314, 0x1F31},
    {0x3B9, 0x342, 0x1FD6},
    {0x3BF, 0x300, 0x1F78},
    {0x3BF, 0x301, 0x3CC},
    {0x3BF, 0x313, 0x1F40},
    {0x3BF, 0x314, 0x1F41},
    {0x3C1, 0x313, 0x1FE4},
    {0x3C1, 0x314, 0x1FE5},
    {0x3C5, 0x300, 0x1F7A},
    {0x3C5, 0x301, 0x3CD},
    {0x3C5, 0x304, 0x1FE1},
    {0x3C5, 0x306, 0x1FE0},
    {0x3C5, 0x308, 0x3CB},
    {0x3C5, 0x313, 0x1F50},
    {0x3C5, 0x314, 0x1F51},
    {0x3C5, 0x342, 0x1FE6},
    {0x3C9, 0x300, 0x1F7C},
    {0x3C9, 0x301, 0x3CE},
    {0x3C9, 0x313, 0x1F60},
    {0x3C9, 0x314, 0x1F61},
    {0x3C9, 0x342, 0x1FF6},
    {0x3C9, 0x345, 0x1FF3},
    {0x3CA, 0x300, 0x1FD2},
    {0x3CA, 0x301, 0x390},
    {0x3CA, 0x342, 0x1FD7},
    {0x3CB, 0x300, 0x1FE2},
    {0x3CB, 0x301, 0x3B0},
    {0x3CB, 0x342, 0x1FE7},
    {0x3CE, 0x345, 0x1FF4},
    {0x3D2, 0x301, 0x3D3},
    {0x3D2, 0x308, 0x3D4},
    {0x406, 0x308, 0x407},
    {0x410, 0x306, 0x4D0},
    {0x410, 0x308, 0x4D2},
    {0x413, 0x301, 0x403},
    {0x415, 0x300, 0x400},
    {0x415, 0x306, 0x4D6},
    {0x415, 0x308, 0x401},
    {0x416, 0x306, 0x4C1},
    {0x416, 0x308, 0x4DC},
    {0x417, 0x308, 0x4DE},
    {0x418, 0x300, 0x40D},
    {0x418, 0x304, 0x4E2},
    {0x418, 0x306, 0x419},
    {0x418, 0x308, 0x4E4},
    {0x41A, 0x301, 0x40C},
    {0x41E, 0x308, 0x4E6},
    {0x423, 0x304, 0x4EE},
    {0x423, 0x306, 0x40E},
    {0x423, 0x308, 0x4F0},
    {0x423, 0x30B, 0x4F2},
    {0x427, 0x308, 0x4F4},
    {0x42B, 0x308, 0x4F8},
    {0x42D, 0x308, 0x4EC},
    {0x430, 0x306, 0x4D1},
    {0x430, 0x308, 0x4D3},
    {0x433, 0x301, 0x453},
    {0x435, 0x300, 0x450},
    {0x435, 0x306, 0x4D7},
    {0x435, 0x308, 0x451},
    {0x436, 0x306, 0x4C2},
    {0x436, 0x308, 0x4DD},
    {0x437, 0x308, 0x4DF},
    {0x438, 0x300, 0x45D},
    {0x438, 0x304, 0x4E3},
    {0x438, 0x306, 0x439},
    {0x438, 0x308, 0x4E5},
    {0x43A, 0x301, 0x45C},
    {0x43E, 0x308, 0x4E7},
    {0x443, 0x304, 0x4EF},
    {0x443, 0x306, 0x45E},
    {0x443, 0x308, 0x4F1},
    {0x443, 0x30B, 0x4F3},
    {0x447, 0x308, 0x4F5},
    {0x44B, 0x308, 0x4F9},
    {0x44D, 0x308, 0x4ED},
    {0x456, 0x308, 0x457},
    {0x474, 0x30F, 0x476},
    {0x475, 0x30F, 0x477},
    {0x4D8, 0x308, 0x4DA},
    {0x4D9, 0x308, 0x4DB},
    {0x4E8, 0x308, 0x4EA},
    {0x4E9, 0x308, 0x4EB},
    {0x627, 0x653, 0x622},
    {0x627, 0x654, 0x623},
    {0x627, 0x655, 0x625},
    {0x648, 0x654, 0x624},
    {0x64A, 0x654, 0x626},
    {0x6C1, 0x654, 0x6C2},
    {0x6D2, 0x654, 0x6D3},
    {0x6D5, 0x654, 0x6C0},
    {0x928, 0x93C, 0x929},
    {0x930, 0x93C, 0x931},
    {0x933, 0x93C, 0x934},
    {0x9C7, 0x9BE, 0x9CB},
    {0x9C7, 0x9D7, 0x9CC},
    {0xB47, 0xB3E, 0xB4B},
    {0xB47, 0xB56, 0xB48},
    {0xB47, 0xB57, 0xB4C},
    {0xB92, 0xBD7, 0xB94},
    {0xBC6, 0xBBE, 0xBCA},
    {0xBC6, 0xBD7, 0xBCC},
    {0xBC7, 0xBBE, 0xBCB},
    {0xC46, 0xC56, 0xC48},
    {0xCBF, 0xCD5, 0xCC0},
    {0xCC6, 0xCC2, 0xCCA},
    {0xCC6, 0xCD5, 0xCC7},
    {0xCC6, 0xCD6, 0xCC8},
    {0xCCA, 0xCD5, 0xCCB},
    {0xD46, 0xD3E, 0xD4A},
    {0xD46, 0xD57, 0xD4C},
    {0xD47, 0xD3E, 0xD4B},
    {0xDD9, 0xDCA, 0xDDA},
    {0xDD9, 0xDCF, 0xDDC},
    {0xDD9, 0xDDF, 0xDDE},
    {0xDDC, 0xDCA, 0xDDD},
    {0x1025, 0x102E, 0x1026},
    {0x1B05, 0x1B35, 0x1B06},
    {0x1B07, 0x1B35, 0x1B08},
    {0x1B09, 0x1B35, 0x1B0A},
    {0x1B0B, 0x1B35, 0x1B0C},
    {0x1B0D, 0x1B35, 0x1B0E},
    {0x1B11, 0x1B35, 0x1B12},
    {0x1B3A, 0x1B35, 0x1B3B},
    {0x1B3C, 0x1B35, 0x1B3D},
    {0x1B3E, 0x1B35, 0x1B40},
    {0x1B3F, 0x1B35, 0x1B41},
    {0x1B42, 0x1B35, 0x1B43},
    {0x1E36, 0x304, 0x1E38},
    {0x1E37, 0x304, 0x1E39},
    {0x1E5A, 0x304, 0x1E5C},
    {0x1E5B, 0x304, 0x1E5D},
    {0x1E62, 0x307, 0x1E68},
    {0x1E63, 0x307, 0x1E69},
    {0x1EA0, 0x302, 0x1EAC},
    {0x1EA0, 0x306, 0x1EB6},
    {0x1EA1, 0x302, 0x1EAD},
    {0x1EA1, 0x306, 0x1EB7},
    {0x1EB8, 0x302, 0x1EC6},
    {0x1EB9, 0x302, 0x1EC7},
    {0x1ECC, 0x302, 0x1ED8},
    {0x1ECD, 0x302, 0x1ED9},
    {0x1F00, 0x300, 0x1F02},
    {0x1F00, 0x301, 0x1F04},
    {0x1F00, 0x342, 0x1F06},
    {0x1F00, 0x345, 0x1F80},
    {0x1F01, 0x300, 0x1F03},
    {0x1F01, 0x301, 0x1F05},
    {0x1F01, 0x342, 0x1F07},
    {0x1F01, 0x345, 0x1F81},
    {0x1F02, 0x345, 0x1F82},
    {0x1F03, 0x345, 0x1F83},
    {0x1F04, 0x345, 0x1F84},
    {0x1F05, 0x345, 0x1F85},
    {0x1F06, 0x345, 0x1F86},
    {0x1F07, 0x345, 0x1F87},
    {0x1F08, 0x300, 0x1F0A},
    {0x1F08, 0x301, 0x1F0C},
    {0x1F08, 0x342, 0x1F0E},
    {0x1F08, 0x345, 0x1F88},
    {0x1F09, 0x300, 0x1F0B},
    {0x1F09, 0x301, 0x1F0D},
    {0x1F09, 0x342, 0x1F0F},
    {0x1F09, 0x345, 0x1F89},
    {0x1F0A, 0x345, 0x1F8A},
    {0x1F0B, 0x345, 0x1F8B},
    {0x1F0C, 0x345, 0x1F8C},
    {0x1F0D, 0x345, 0x1F8D},
    {0x1F0E, 0x345, 0x1F8E},
    {0x1F0F, 0x345, 0x1F8F},
    {0x1F10, 0x300, 0x1F12},
    {0x1F10, 0x301, 0x1F14},
    {0x1F11, 0x300, 0x1F13},
    {0x1F11, 0x301, 0x1F15},
    {0x1F18, 0x300, 0x1F1A},
    {0x1F18, 0x301, 0x1F1C},
    {0x1F19, 0x300, 0x1F1B},
    {0x1F19, 0x301, 0x1F1D},
    {0x1F20, 0x300, 0x1F22},
    {0x1F20, 0x301, 0x1F24},
    {0x1F20, 0x342, 0x1F26},
    {0x1F20, 0x345, 0x1F90},
    {0x1F21, 0x300, 0x1F23},
    {0x1F21, 0x301, 0x1F25},
    {0x1F21, 0x342, 0x1F27},
    {0x1F21, 0x345, 0x1F91},
    {0x1F22, 0x345, 0x1F92},
    {0x1F23, 0x345, 0x1F93},
    {0x1F24, 0x345, 0x1F94},
    {0x1F25, 0x345, 0x1F95},
    {0x1F26, 0x345, 0x1F96},
    {0x1F27, 0x345, 0x1F97},
    {0x1F28, 0x300, 0x1F2A},
    {0x1F28, 0x301, 0x1F2C},
    {0x1F28, 0x342, 0x1F2E},
    {0x1F28, 0x345, 0x1F98},
    {0x1F29, 0x300, 0x1F2B},
    {0x1F29, 0x301, 0x1F2D},
    {0x1F29, 0x342, 0x1F2F},
    {0x1F29, 0x345, 0x1F99},
    {0x1F2A, 0x345, 0x1F9A},
    {0x1F2B, 0x345, 0x1F9B},
    {0x1F2C, 0x345, 0x1F9C},
    {0x1F2D, 0x345, 0x1F9D},
    {0x1F2E, 0x345, 0x1F9E},
    {0x1F2F, 0x345, 0x1F9F},
    {0x1F30, 0x300, 0x1F32},
    {0x1F30, 0x301, 0x1F34},
    {0x1F30, 0x342, 0x1F36},
    {0x1F31, 0x300, 0x1F33},
    {0x1F31, 0x301, 0x1F35},
    {0x1F31, 0x342, 0x1F37},
    {0x1F38, 0x300, 0x1F3A},
    {0x1F38, 0x301, 0x1F3C},
    {0x1F38, 0x342, 0x1F3E},
    {0x1F39, 0x300, 0x1F3B},
    {0x1F39, 0x301, 0x1F3D},
    {0x1F39, 0x342, 0x1F3F},
    {0x1F40, 0x300, 0x1F42},
    {0x1F40, 0x301, 0x1F44},
    {0x1F41, 0x300, 0x1F43},
    {0x1F41, 0x301, 0x1F45},
    {0x1F48, 0x300, 0x1F4A},
    {0x1F48, 0x301, 0x1F4C},
    {0x1F49, 0x300, 0x1F4B},
    {0x1F49, 0x301, 0x1F4D},
    {0x1F50, 0x300, 0x1F52},
    {0x1F50, 0x301, 0x1F54},
    {0x1F50, 0x342, 0x1F56},
    {0x1F51, 0x300, 0x1F53},
    {0x1F51, 0x301, 0x1F55},
    {0x1F51, 0x342, 0x1F57},
    {0x1F59, 0x300, 0x1F5B},
    {0x1F59, 0x301, 0x1F5D},
    {0x1F59, 0x342, 0x1F5F},
    {0x1F60, 0x300, 0x1F62},
    {0x1F60, 0x301, 0x1F64},
    {0x1F60, 0x342, 0x1F66},
    {0x1F60, 0x345, 0x1FA0},
    {0x1F61, 0x300, 0x1F63},
    {0x1F61, 0x301, 0x1F65},
    {0x1F61, 0x342, 0x1F67},
    {0x1F61, 0x345, 0x1FA1},
    {0x1F62, 0x345, 0x1FA2},
    {0x1F63, 0x345, 0x1FA3},
    {0x1F64, 0x345, 0x1FA4},
    {0x1F65, 0x345, 0x1FA5},
    {0x1F66, 0x345, 0x1FA6},
    {0x1F67, 0x345, 0x1FA7},
    {0x1F68, 0x300, 0x1F6A},
    {0x1F68, 0x301, 0x1F6C},
    {0x1F68, 0x342, 0x1F6E},
    {0x1F68, 0x345, 0x1FA8},
    {0x1F69, 0x300, 0x1F6B},
    {0x1F69, 0x301, 0x1F6D},
    {0x1F69, 0x342, 0x1F6F},
    {0x1F69, 0x345, 0x1FA9},
    {0x1F6A, 0x345, 0x1FAA},
    {0x1F6B, 0x345, 0x1FAB},
    {0x1F6C, 0x345, 0x1FAC},
    {0x1F6D, 0x345, 0x1FAD},
    {0x1F6E, 0x345, 0x1FAE},
    {0x1F6F, 0x345, 0x1FAF},
    {0x1F70, 0x345, 0x1FB2},
    {0x1F74, 0x345, 0x1FC2},
    {0x1F7C, 0x345, 0x1FF2},
    {0x1FB6, 0x345, 0x1FB7},
    {0x1FBF, 0x300, 0x1FCD},
    {0x1FBF, 0x301, 0x1FCE},
    {0x1FBF, 0x342, 0x1FCF},
    {0x1FC6, 0x345, 0x1FC7},
    {0x1FF6, 0x345, 0x1FF7},
    {0x1FFE, 0x300, 0x1FDD},
    {0x1FFE, 0x301, 0x1FDE},
    {0x1FFE, 0x342, 0x1FDF},
    {0x2190, 0x338, 0x219A},
    {0x2192, 0x338, 0x219B},
    {0x2194, 0x338, 0x21AE},
    {0x21D0, 0x338, 0x21CD},
    {0x21D2, 0x338, 0x21CF},
    {0x21D4, 0x338, 0x21CE},
    {0x2203, 0x338, 0x2204},
    {0x2208, 0x338, 0x2209},
    {0x220B, 0x338, 0x220C},
    {0x2223, 0x338, 0x2224},
    {0x2225, 0x338, 0x2226},
    {0x223C, 0x338, 0x2241},
    {0x2243, 0x338, 0x2244},
    {0x2245, 0x338, 0x2247},
    {0x2248, 0x338, 0x2249},
    {0x224D, 0x338, 0x226D},
    {0x2261, 0x338, 0x2262},
    {0x2264, 0x338, 0x2270},
    {0x2265, 0x338, 0x2271},
    {0x2272, 0x338, 0x2274},
    {0x2273, 0x338, 0x2275},
    {0x2276, 0x338, 0x2278},
    {0x2277, 0x338, 0x2279},
    {0x227A, 0x338, 0x2280},
    {0x227B, 0x338, 0x2281},
    {0x227C, 0x338, 0x22E0},
    {0x227D, 0x338, 0x22E1},
    {0x2282, 0x338, 0x2284},
    {0x2283, 0x338, 0x2285},
    {0x2286, 0x338, 0x2288},
    {0x2287, 0x338, 0x2289},
    {0x2291, 0x338, 0x22E2},
    {0x2292, 0x338, 0x22E3},
    {0x22A2, 0x338, 0x22AC},
    {0x22A8, 0x338, 0x22AD},
    {0x22A9, 0x338, 0x22AE},
    {0x22AB, 0x338, 0x22AF},
    {0x22B2, 0x338, 0x22EA},
    {0x22B3, 0x338, 0x22EB},
    {0x22B4, 0x338, 0x22EC},
    {0x22B5, 0x338, 0x22ED},
    {0x3046, 0x3099, 0x3094},
    {0x304B, 0x3099, 0x304C},
    {0x304D, 0x3099, 0x304E},
    {0x304F, 0x3099, 0x3050},
    {0x3051, 0x3099, 0x3052},
    {0x3053, 0x3099, 0x3054},
    {0x3055, 0x3099, 0x3056},
    {0x3057, 0x3099, 0x3058},
    {0x3059, 0x3099, 0x305A},
    {0x305B, 0x3099, 0x305C},
    {0x305D, 0x3099, 0x305E},
    {0x305F, 0x3099, 0x3060},
    {0x3061, 0x3099, 0x3062},
    {0x3064, 0x3099, 0x3065},
    {0x3066, 0x3099, 0x3067},
    {0x3068, 0x3099, 0x3069},
    {0x306F, 0x3099, 0x3070},
    {0x306F, 0x309A, 0x3071},
    {0x3072, 0x3099, 0x3073},
    {0x3072, 0x309A, 0x3074},
    {0x3075, 0x3099, 0x3076},
    {0x3075, 0x309A, 0x3077},
    {0x3078, 0x3099, 0x3079},
    {0x3078, 0x309A, 0x307A},
    {0x307B, 0x3099, 0x307C},
    {0x307B, 0x309A, 0x307D},
    {0x309D, 0x3099, 0x309E},
    {0x30A6, 0x3099, 0x30F4},
    {0x30AB, 0x3099, 0x30AC},
    {0x30AD, 0x3099, 0x30AE},
    {0x30AF, 0x3099, 0x30B0},
    {0x30B1, 0x3099, 0x30B2},
    {0x30B3, 0x3099, 0x30B4},
    {0x30B5, 0x3099, 0x30B6},
    {0x30B7, 0x3099, 0x30B8},
    {0x30B9, 0x3099, 0x30BA},
    {0x30BB, 0x3099, 0x30BC},
    {0x30BD, 0x3099, 0x30BE},
    {0x30BF, 0x3099, 0x30C0},
    {0x30C1, 0x3099, 0x30C2},
    {0x30C4, 0x3099, 0x30C5},
    {0x30C6, 0x3099, 0x30C7},
    {0x30C8, 0x3099, 0x30C9},
    {0x30CF, 0x3099, 0x30D0},
    {0x30CF, 0x309A, 0x30D1},
    {0x30D2, 0x3099, 0x30D3},
    {0x30D2, 0x309A, 0x30D4},
    {0x30D5, 0x3099, 0x30D6},
    {0x30D5, 0x309A, 0x30D7},
    {0x30D8, 0x3099, 0x30D9},
    {0x30D8, 0x309A, 0x30DA},
    {0x30DB, 0x3099, 0x30DC},
    {0x30DB, 0x309A, 0x30DD},
    {0x30EF, 0x3099, 0x30F7},
    {0x30F0, 0x3099, 0x30F8},
    {0x30F1, 0x3099, 0x30F9},
    {0x30F2, 0x3099, 0x30FA},
    {0x30FD, 0x3099, 0x30FE},
    {0x11099, 0x110BA, 0x1109A},
    {0x1109B, 0x110BA, 0x1109C},
    {0x110A5, 0x110BA, 0x110AB},
    {0x11131, 0x11127, 0x1112E},
    {0x11132, 0x11127, 0x1112F},
    {0x11347, 0x1133E, 0x1134B},
    {0x11347, 0x11357, 0x1134C},
    {0x114B9, 0x114B0, 0x114BC},
    {0x114B9, 0x114BA, 0x114BB},
    {0x114B9, 0x114BD, 0x114BE},
    {0x115B8, 0x115AF, 0x115BA},
    {0x115B9, 0x115AF, 0x115BB},
    {0x11935, 0x11930, 0x11938},
};
